DISTRICT,ds,yhat,yhat_lower,yhat_upper,is_forecast,year,actual,TREND
BAGALKOT,2001-01-01,3807.5,3236.4,4378.7,False,2001,3544.0,INCREASING
BAGALKOT,2002-01-01,3893.9,3309.8,4478.0,False,2002,3998.0,INCREASING
BAGALKOT,2003-01-01,3980.3,3383.2,4577.3,False,2003,4042.0,INCREASING
BAGALKOT,2004-01-01,4066.6,3456.7,4676.6,False,2004,4237.0,INCREASING
BAGALKOT,2005-01-01,4153.0,3530.1,4776.0,False,2005,4313.0,INCREASING
BAGALKOT,2006-01-01,4239.4,3603.5,4875.3,False,2006,4284.0,INCREASING
BAGALKOT,2007-01-01,4325.8,3676.9,4974.6,False,2007,4244.0,INCREASING
BAGALKOT,2008-01-01,4412.1,3750.3,5074.0,False,2008,4248.0,INCREASING
BAGALKOT,2009-01-01,4498.5,3823.7,5173.3,False,2009,4420.0,INCREASING
BAGALKOT,2010-01-01,4584.9,3897.2,5272.6,False,2010,4547.0,INCREASING
BAGALKOT,2011-01-01,4671.3,3970.6,5372.0,False,2011,4681.0,INCREASING
BAGALKOT,2012-01-01,4757.6,4044.0,5471.3,False,2012,4752.0,INCREASING
BAGALKOT,2013-01-01,4844.0,4117.4,5570.6,False,2013,4925.0,INCREASING
BAGALKOT,2014-01-01,4930.4,4190.8,5669.9,True,2014,,INCREASING
BAGALKOT,2015-01-01,5016.8,4264.2,5769.3,True,2015,,INCREASING
BAGALKOT,2016-01-01,5103.1,4337.7,5868.6,True,2016,,INCREASING
BANGALORE COMMR.,2001-01-01,62399.2,53039.3,71759.1,False,2001,60993.0,INCREASING
BANGALORE COMMR.,2002-01-01,63304.3,53808.6,72799.9,False,2002,65512.0,INCREASING
BANGALORE COMMR.,2003-01-01,64209.4,54577.9,73840.8,False,2003,65809.0,INCREASING
BANGALORE COMMR.,2004-01-01,65114.4,55347.3,74881.6,False,2004,65500.0,INCREASING
BANGALORE COMMR.,2005-01-01,66019.5,56116.6,75922.4,False,2005,67870.0,INCREASING
BANGALORE COMMR.,2006-01-01,66924.5,56885.9,76963.2,False,2006,60054.0,INCREASING
BANGALORE COMMR.,2007-01-01,67829.6,57655.2,78004.1,False,2007,61656.0,INCREASING
BANGALORE COMMR.,2008-01-01,68734.7,58424.5,79044.9,False,2008,69222.0,INCREASING
BANGALORE COMMR.,2009-01-01,69639.7,59193.8,80085.7,False,2009,76825.0,INCREASING
BANGALORE COMMR.,2010-01-01,70544.8,59963.1,81126.5,False,2010,75522.0,INCREASING
BANGALORE COMMR.,2011-01-01,71449.9,60732.4,82167.4,False,2011,71779.0,INCREASING
BANGALORE COMMR.,2012-01-01,72354.9,61501.7,83208.2,False,2012,69042.0,INCREASING
BANGALORE COMMR.,2013-01-01,73260.0,62271.0,84249.0,False,2013,72001.0,INCREASING
BANGALORE COMMR.,2014-01-01,74165.1,63040.3,85289.8,True,2014,,INCREASING
BANGALORE COMMR.,2015-01-01,75070.1,63809.6,86330.7,True,2015,,INCREASING
BANGALORE COMMR.,2016-01-01,75975.2,64578.9,87371.5,True,2016,,INCREASING
BANGALORE RURAL,2001-01-01,16204.4,13773.7,18635.0,False,2001,11001.0,DECREASING
BANGALORE RURAL,2002-01-01,15769.6,13404.1,18135.0,False,2002,15447.0,DECREASING
BANGALORE RURAL,2003-01-01,15334.8,13034.6,17635.0,False,2003,15743.0,DECREASING
BANGALORE RURAL,2004-01-01,14900.1,12665.1,17135.1,False,2004,17277.0,DECREASING
BANGALORE RURAL,2005-01-01,14465.3,12295.5,16635.1,False,2005,17336.0,DECREASING
BANGALORE RURAL,2006-01-01,14030.5,11926.0,16135.1,False,2006,18536.0,DECREASING
BANGALORE RURAL,2007-01-01,13595.8,11556.4,15635.1,False,2007,18060.0,DECREASING
BANGALORE RURAL,2008-01-01,13161.0,11186.9,15135.2,False,2008,9409.0,DECREASING
BANGALORE RURAL,2009-01-01,12726.2,10817.3,14635.2,False,2009,9534.0,DECREASING
BANGALORE RURAL,2010-01-01,12291.5,10447.8,14135.2,False,2010,9956.0,DECREASING
BANGALORE RURAL,2011-01-01,11856.7,10078.2,13635.2,False,2011,10522.0,DECREASING
BANGALORE RURAL,2012-01-01,11422.0,9708.7,13135.2,False,2012,11852.0,DECREASING
BANGALORE RURAL,2013-01-01,10987.2,9339.1,12635.3,False,2013,12072.0,DECREASING
BANGALORE RURAL,2014-01-01,10552.4,8969.6,12135.3,True,2014,,DECREASING
BANGALORE RURAL,2015-01-01,10117.7,8600.0,11635.3,True,2015,,DECREASING
BANGALORE RURAL,2016-01-01,9682.9,8230.5,11135.3,True,2016,,DECREASING
BELGAUM,2001-01-01,9787.3,8319.2,11255.4,False,2001,10527.0,INCREASING
BELGAUM,2002-01-01,10298.1,8753.4,11842.8,False,2002,9756.0,INCREASING
BELGAUM,2003-01-01,10808.9,9187.6,12430.3,False,2003,9325.0,INCREASING
BELGAUM,2004-01-01,11319.7,9621.8,13017.7,False,2004,9636.0,INCREASING
BELGAUM,2005-01-01,11830.5,10056.0,13605.1,False,2005,11777.0,INCREASING
BELGAUM,2006-01-01,12341.3,10490.1,14192.5,False,2006,12777.0,INCREASING
BELGAUM,2007-01-01,12852.2,10924.3,14780.0,False,2007,14079.0,INCREASING
BELGAUM,2008-01-01,13363.0,11358.5,15367.4,False,2008,14988.0,INCREASING
BELGAUM,2009-01-01,13873.8,11792.7,15954.8,False,2009,15263.0,INCREASING
BELGAUM,2010-01-01,14384.6,12226.9,16542.3,False,2010,15597.0,INCREASING
BELGAUM,2011-01-01,14895.4,12661.1,17129.7,False,2011,15383.0,INCREASING
BELGAUM,2012-01-01,15406.2,13095.3,17717.1,False,2012,14209.0,INCREASING
BELGAUM,2013-01-01,15917.0,13529.5,18304.6,False,2013,13761.0,INCREASING
BELGAUM,2014-01-01,16427.8,13963.6,18892.0,True,2014,,INCREASING
BELGAUM,2015-01-01,16938.6,14397.8,19479.4,True,2015,,INCREASING
BELGAUM,2016-01-01,17449.4,14832.0,20066.8,True,2016,,INCREASING
BELLARY,2001-01-01,7528.3,6399.1,8657.5,False,2001,6791.0,STABLE
BELLARY,2002-01-01,7486.3,6363.3,8609.2,False,2002,6465.0,STABLE
BELLARY,2003-01-01,7444.3,6327.6,8560.9,False,2003,6895.0,STABLE
BELLARY,2004-01-01,7402.3,6291.9,8512.6,False,2004,8017.0,STABLE
BELLARY,2005-01-01,7360.3,6256.2,8464.3,False,2005,9206.0,STABLE
BELLARY,2006-01-01,7318.2,6220.5,8416.0,False,2006,8530.0,STABLE
BELLARY,2007-01-01,7276.2,6184.8,8367.7,False,2007,7529.0,STABLE
BELLARY,2008-01-01,7234.2,6149.1,8319.4,False,2008,6842.0,STABLE
BELLARY,2009-01-01,7192.2,6113.4,8271.0,False,2009,6782.0,STABLE
BELLARY,2010-01-01,7150.2,6077.7,8222.7,False,2010,7130.0,STABLE
BELLARY,2011-01-01,7108.2,6042.0,8174.4,False,2011,6801.0,STABLE
BELLARY,2012-01-01,7066.2,6006.2,8126.1,False,2012,6620.0,STABLE
BELLARY,2013-01-01,7024.2,5970.5,8077.8,False,2013,6983.0,STABLE
BELLARY,2014-01-01,6982.2,5934.8,8029.5,True,2014,,STABLE
BELLARY,2015-01-01,6940.1,5899.1,7981.2,True,2015,,STABLE
BELLARY,2016-01-01,6898.1,5863.4,7932.9,True,2016,,STABLE
BIDAR,2001-01-01,8516.5,7239.0,9794.0,False,2001,8970.0,DECREASING
BIDAR,2002-01-01,8399.9,7139.9,9659.8,False,2002,9073.0,DECREASING
BIDAR,2003-01-01,8283.2,7040.7,9525.7,False,2003,8392.0,DECREASING
BIDAR,2004-01-01,8166.6,6941.6,9391.5,False,2004,8369.0,DECREASING
BIDAR,2005-01-01,8049.9,6842.4,9257.4,False,2005,7378.0,DECREASING
BIDAR,2006-01-01,7933.3,6743.3,9123.3,False,2006,7426.0,DECREASING
BIDAR,2007-01-01,7816.6,6644.1,8989.1,False,2007,7512.0,DECREASING
BIDAR,2008-01-01,7700.0,6545.0,8855.0,False,2008,6959.0,DECREASING
BIDAR,2009-01-01,7583.3,6445.8,8720.8,False,2009,7371.0,DECREASING
BIDAR,2010-01-01,7466.7,6346.7,8586.7,False,2010,7381.0,DECREASING
BIDAR,2011-01-01,7350.0,6247.5,8452.5,False,2011,7106.0,DECREASING
BIDAR,2012-01-01,7233.4,6148.4,8318.4,False,2012,7530.0,DECREASING
BIDAR,2013-01-01,7116.7,6049.2,8184.2,False,2013,8149.0,DECREASING
BIDAR,2014-01-01,7000.1,5950.1,8050.1,True,2014,,DECREASING
BIDAR,2015-01-01,6883.4,5850.9,7915.9,True,2015,,DECREASING
BIDAR,2016-01-01,6766.8,5751.8,7781.8,True,2016,,DECREASING
BIJAPUR,2001-01-01,6819.1,5796.3,7842.0,False,2001,6114.0,STABLE
BIJAPUR,2002-01-01,6753.8,5740.8,7766.9,False,2002,5674.0,STABLE
BIJAPUR,2003-01-01,6688.5,5685.2,7691.8,False,2003,8708.0,STABLE
BIJAPUR,2004-01-01,6623.2,5629.7,7616.7,False,2004,6368.0,STABLE
BIJAPUR,2005-01-01,6557.9,5574.2,7541.5,False,2005,6224.0,STABLE
BIJAPUR,2006-01-01,6492.5,5518.7,7466.4,False,2006,6521.0,STABLE
BIJAPUR,2007-01-01,6427.2,5463.1,7391.3,False,2007,6638.0,STABLE
BIJAPUR,2008-01-01,6361.9,5407.6,7316.2,False,2008,6443.0,STABLE
BIJAPUR,2009-01-01,6296.6,5352.1,7241.1,False,2009,6784.0,STABLE
BIJAPUR,2010-01-01,6231.3,5296.6,7166.0,False,2010,6709.0,STABLE
BIJAPUR,2011-01-01,6166.0,5241.1,7090.8,False,2011,6270.0,STABLE
BIJAPUR,2012-01-01,6100.6,5185.5,7015.7,False,2012,5753.0,STABLE
BIJAPUR,2013-01-01,6035.3,5130.0,6940.6,False,2013,5348.0,STABLE
BIJAPUR,2014-01-01,5970.0,5074.5,6865.5,True,2014,,STABLE
BIJAPUR,2015-01-01,5904.7,5019.0,6790.4,True,2015,,STABLE
BIJAPUR,2016-01-01,5839.4,4963.5,6715.3,True,2016,,STABLE
CBPURA,2008-01-01,4168.1,3542.9,4793.3,False,2008,4015.0,INCREASING
CBPURA,2009-01-01,4446.9,3779.9,5114.0,False,2009,4097.0,INCREASING
CBPURA,2010-01-01,4725.8,4016.9,5434.6,False,2010,4962.0,INCREASING
CBPURA,2011-01-01,5004.6,4253.9,5755.3,False,2011,5646.0,INCREASING
CBPURA,2012-01-01,5283.4,4490.9,6075.9,False,2012,5457.0,INCREASING
CBPURA,2013-01-01,5562.2,4727.9,6396.6,False,2013,5014.0,INCREASING
CBPURA,2014-01-01,5841.1,4964.9,6717.2,True,2014,,INCREASING
CBPURA,2015-01-01,6119.9,5201.9,7037.9,True,2015,,INCREASING
CBPURA,2016-01-01,6398.7,5438.9,7358.5,True,2016,,INCREASING
CHAMARAJNAGAR,2001-01-01,2634.7,2239.5,3029.9,False,2001,2922.0,INCREASING
CHAMARAJNAGAR,2002-01-01,2741.3,2330.1,3152.5,False,2002,2763.0,INCREASING
CHAMARAJNAGAR,2003-01-01,2848.0,2420.8,3275.2,False,2003,2468.0,INCREASING
CHAMARAJNAGAR,2004-01-01,2954.6,2511.4,3397.8,False,2004,3421.0,INCREASING
CHAMARAJNAGAR,2005-01-01,3061.3,2602.1,3520.4,False,2005,3157.0,INCREASING
CHAMARAJNAGAR,2006-01-01,3167.9,2692.7,3643.1,False,2006,2732.0,INCREASING
CHAMARAJNAGAR,2007-01-01,3274.5,2783.4,3765.7,False,2007,2840.0,INCREASING
CHAMARAJNAGAR,2008-01-01,3381.2,2874.0,3888.4,False,2008,3175.0,INCREASING
CHAMARAJNAGAR,2009-01-01,3487.8,2964.7,4011.0,False,2009,3488.0,INCREASING
CHAMARAJNAGAR,2010-01-01,3594.5,3055.3,4133.6,False,2010,4026.0,INCREASING
CHAMARAJNAGAR,2011-01-01,3701.1,3145.9,4256.3,False,2011,4079.0,INCREASING
CHAMARAJNAGAR,2012-01-01,3807.8,3236.6,4378.9,False,2012,3596.0,INCREASING
CHAMARAJNAGAR,2013-01-01,3914.4,3327.2,4501.6,False,2013,3902.0,INCREASING
CHAMARAJNAGAR,2014-01-01,4021.0,3417.9,4624.2,True,2014,,INCREASING
CHAMARAJNAGAR,2015-01-01,4127.7,3508.5,4746.8,True,2015,,INCREASING
CHAMARAJNAGAR,2016-01-01,4234.3,3599.2,4869.5,True,2016,,INCREASING
CHICKMAGALUR,2001-01-01,6141.5,5220.3,7062.7,False,2001,5774.0,STABLE
CHICKMAGALUR,2002-01-01,6117.7,5200.0,7035.3,False,2002,5859.0,STABLE
CHICKMAGALUR,2003-01-01,6093.9,5179.8,7008.0,False,2003,6360.0,STABLE
CHICKMAGALUR,2004-01-01,6070.1,5159.6,6980.6,False,2004,5903.0,STABLE
CHICKMAGALUR,2005-01-01,6046.3,5139.3,6953.2,False,2005,5650.0,STABLE
CHICKMAGALUR,2006-01-01,6022.5,5119.1,6925.9,False,2006,7020.0,STABLE
CHICKMAGALUR,2007-01-01,5998.7,5098.9,6898.5,False,2007,5819.0,STABLE
CHICKMAGALUR,2008-01-01,5974.9,5078.7,6871.1,False,2008,6443.0,STABLE
CHICKMAGALUR,2009-01-01,5951.1,5058.4,6843.8,False,2009,6032.0,STABLE
CHICKMAGALUR,2010-01-01,5927.3,5038.2,6816.4,False,2010,6556.0,STABLE
CHICKMAGALUR,2011-01-01,5903.5,5018.0,6789.0,False,2011,5668.0,STABLE
CHICKMAGALUR,2012-01-01,5879.7,4997.8,6761.7,False,2012,5164.0,STABLE
CHICKMAGALUR,2013-01-01,5855.9,4977.5,6734.3,False,2013,5735.0,STABLE
CHICKMAGALUR,2014-01-01,5832.1,4957.3,6706.9,True,2014,,STABLE
CHICKMAGALUR,2015-01-01,5808.3,4937.1,6679.6,True,2015,,STABLE
CHICKMAGALUR,2016-01-01,5784.5,4916.8,6652.2,True,2016,,STABLE
CHITRADURGA,2001-01-01,6269.9,5329.4,7210.4,False,2001,5549.0,INCREASING
CHITRADURGA,2002-01-01,6524.6,5545.9,7503.3,False,2002,6156.0,INCREASING
CHITRADURGA,2003-01-01,6779.3,5762.4,7796.1,False,2003,6771.0,INCREASING
CHITRADURGA,2004-01-01,7033.9,5978.8,8089.0,False,2004,7619.0,INCREASING
CHITRADURGA,2005-01-01,7288.6,6195.3,8381.9,False,2005,7235.0,INCREASING
CHITRADURGA,2006-01-01,7543.3,6411.8,8674.8,False,2006,7373.0,INCREASING
CHITRADURGA,2007-01-01,7798.0,6628.3,8967.7,False,2007,8072.0,INCREASING
CHITRADURGA,2008-01-01,8052.7,6844.8,9260.6,False,2008,8701.0,INCREASING
CHITRADURGA,2009-01-01,8307.4,7061.3,9553.5,False,2009,8532.0,INCREASING
CHITRADURGA,2010-01-01,8562.1,7277.8,9846.4,False,2010,9844.0,INCREASING
CHITRADURGA,2011-01-01,8816.7,7494.2,10139.3,False,2011,8908.0,INCREASING
CHITRADURGA,2012-01-01,9071.4,7710.7,10432.1,False,2012,8402.0,INCREASING
CHITRADURGA,2013-01-01,9326.1,7927.2,10725.0,False,2013,8212.0,INCREASING
CHITRADURGA,2014-01-01,9580.8,8143.7,11017.9,True,2014,,INCREASING
CHITRADURGA,2015-01-01,9835.5,8360.2,11310.8,True,2015,,INCREASING
CHITRADURGA,2016-01-01,10090.2,8576.7,11603.7,True,2016,,INCREASING
DAKSHIN KANNADA,2001-01-01,8495.5,7221.2,9769.8,False,2001,6325.0,DECREASING
DAKSHIN KANNADA,2002-01-01,8256.8,7018.2,9495.3,False,2002,7081.0,DECREASING
DAKSHIN KANNADA,2003-01-01,8018.0,6815.3,9220.7,False,2003,7275.0,DECREASING
DAKSHIN KANNADA,2004-01-01,7779.3,6612.4,8946.2,False,2004,8550.0,DECREASING
DAKSHIN KANNADA,2005-01-01,7540.5,6409.5,8671.6,False,2005,8881.0,DECREASING
DAKSHIN KANNADA,2006-01-01,7301.8,6206.5,8397.1,False,2006,8340.0,DECREASING
DAKSHIN KANNADA,2007-01-01,7063.1,6003.6,8122.5,False,2007,8013.0,DECREASING
DAKSHIN KANNADA,2008-01-01,6824.3,5800.7,7848.0,False,2008,8224.0,DECREASING
DAKSHIN KANNADA,2009-01-01,6585.6,5597.8,7573.4,False,2009,8707.0,DECREASING
DAKSHIN KANNADA,2010-01-01,6346.9,5394.8,7298.9,False,2010,8815.0,DECREASING
DAKSHIN KANNADA,2011-01-01,6108.1,5191.9,7024.4,False,2011,3602.0,DECREASING
DAKSHIN KANNADA,2012-01-01,5869.4,4989.0,6749.8,False,2012,3776.0,DECREASING
DAKSHIN KANNADA,2013-01-01,5630.7,4786.1,6475.3,False,2013,4231.0,DECREASING
DAKSHIN KANNADA,2014-01-01,5391.9,4583.1,6200.7,True,2014,,DECREASING
DAKSHIN KANNADA,2015-01-01,5153.2,4380.2,5926.2,True,2015,,DECREASING
DAKSHIN KANNADA,2016-01-01,4914.5,4177.3,5651.6,True,2016,,DECREASING
DAVANAGERE,2001-01-01,6172.3,5246.5,7098.2,False,2001,6979.0,STABLE
DAVANAGERE,2002-01-01,6222.7,5289.3,7156.1,False,2002,6523.0,STABLE
DAVANAGERE,2003-01-01,6273.1,5332.1,7214.0,False,2003,6335.0,STABLE
DAVANAGERE,2004-01-01,6323.4,5374.9,7271.9,False,2004,6191.0,STABLE
DAVANAGERE,2005-01-01,6373.8,5417.7,7329.9,False,2005,6049.0,STABLE
DAVANAGERE,2006-01-01,6424.2,5460.5,7387.8,False,2006,5927.0,STABLE
DAVANAGERE,2007-01-01,6474.5,5503.4,7445.7,False,2007,5781.0,STABLE
DAVANAGERE,2008-01-01,6524.9,5546.2,7503.6,False,2008,6331.0,STABLE
DAVANAGERE,2009-01-01,6575.3,5589.0,7561.6,False,2009,6849.0,STABLE
DAVANAGERE,2010-01-01,6625.6,5631.8,7619.5,False,2010,6424.0,STABLE
DAVANAGERE,2011-01-01,6676.0,5674.6,7677.4,False,2011,5754.0,STABLE
DAVANAGERE,2012-01-01,6726.4,5717.4,7735.3,False,2012,6879.0,STABLE
DAVANAGERE,2013-01-01,6776.7,5760.2,7793.3,False,2013,8147.0,STABLE
DAVANAGERE,2014-01-01,6827.1,5803.0,7851.2,True,2014,,STABLE
DAVANAGERE,2015-01-01,6877.5,5845.9,7909.1,True,2015,,STABLE
DAVANAGERE,2016-01-01,6927.9,5888.7,7967.0,True,2016,,STABLE
DHARWAD COMMR.,2001-01-01,3941.5,3350.2,4532.7,False,2001,4061.0,INCREASING
DHARWAD COMMR.,2002-01-01,4013.0,3411.0,4614.9,False,2002,4328.0,INCREASING
DHARWAD COMMR.,2003-01-01,4084.5,3471.8,4697.1,False,2003,3888.0,INCREASING
DHARWAD COMMR.,2004-01-01,4156.0,3532.6,4779.4,False,2004,3658.0,INCREASING
DHARWAD COMMR.,2005-01-01,4227.5,3593.3,4861.6,False,2005,3917.0,INCREASING
DHARWAD COMMR.,2006-01-01,4299.0,3654.1,4943.8,False,2006,4606.0,INCREASING
DHARWAD COMMR.,2007-01-01,4370.5,3714.9,5026.0,False,2007,4400.0,INCREASING
DHARWAD COMMR.,2008-01-01,4442.0,3775.7,5108.3,False,2008,5038.0,INCREASING
DHARWAD COMMR.,2009-01-01,4513.5,3836.4,5190.5,False,2009,4467.0,INCREASING
DHARWAD COMMR.,2010-01-01,4585.0,3897.2,5272.7,False,2010,4811.0,INCREASING
DHARWAD COMMR.,2011-01-01,4656.5,3958.0,5354.9,False,2011,4024.0,INCREASING
DHARWAD COMMR.,2012-01-01,4728.0,4018.8,5437.2,False,2012,4224.0,INCREASING
DHARWAD COMMR.,2013-01-01,4799.5,4079.5,5519.4,False,2013,5394.0,INCREASING
DHARWAD COMMR.,2014-01-01,4871.0,4140.3,5601.6,True,2014,,INCREASING
DHARWAD COMMR.,2015-01-01,4942.5,4201.1,5683.8,True,2015,,INCREASING
DHARWAD COMMR.,2016-01-01,5014.0,4261.9,5766.1,True,2016,,INCREASING
DHARWAD RURAL,2001-01-01,1726.1,1467.2,1985.0,False,2001,1842.0,INCREASING
DHARWAD RURAL,2002-01-01,1816.6,1544.1,2089.1,False,2002,1851.0,INCREASING
DHARWAD RURAL,2003-01-01,1907.1,1621.0,2193.1,False,2003,1871.0,INCREASING
DHARWAD RURAL,2004-01-01,1997.5,1697.9,2297.2,False,2004,1922.0,INCREASING
DHARWAD RURAL,2005-01-01,2088.0,1774.8,2401.2,False,2005,2061.0,INCREASING
DHARWAD RURAL,2006-01-01,2178.5,1851.7,2505.2,False,2006,2056.0,INCREASING
DHARWAD RURAL,2007-01-01,2268.9,1928.6,2609.3,False,2007,2050.0,INCREASING
DHARWAD RURAL,2008-01-01,2359.4,2005.5,2713.3,False,2008,2230.0,INCREASING
DHARWAD RURAL,2009-01-01,2449.9,2082.4,2817.3,False,2009,2626.0,INCREASING
DHARWAD RURAL,2010-01-01,2540.3,2159.3,2921.4,False,2010,3052.0,INCREASING
DHARWAD RURAL,2011-01-01,2630.8,2236.2,3025.4,False,2011,2674.0,INCREASING
DHARWAD RURAL,2012-01-01,2721.3,2313.1,3129.4,False,2012,2700.0,INCREASING
DHARWAD RURAL,2013-01-01,2811.7,2390.0,3233.5,False,2013,2561.0,INCREASING
DHARWAD RURAL,2014-01-01,2902.2,2466.9,3337.5,True,2014,,INCREASING
DHARWAD RURAL,2015-01-01,2992.7,2543.8,3441.6,True,2015,,INCREASING
DHARWAD RURAL,2016-01-01,3083.1,2620.7,3545.6,True,2016,,INCREASING
GADAG,2001-01-01,1901.5,1616.3,2186.7,False,2001,1859.0,INCREASING
GADAG,2002-01-01,1944.6,1652.9,2236.3,False,2002,1935.0,INCREASING
GADAG,2003-01-01,1987.7,1689.5,2285.9,False,2003,1751.0,INCREASING
GADAG,2004-01-01,2030.8,1726.2,2335.4,False,2004,1965.0,INCREASING
GADAG,2005-01-01,2073.9,1762.8,2385.0,False,2005,2135.0,INCREASING
GADAG,2006-01-01,2117.0,1799.4,2434.5,False,2006,2366.0,INCREASING
GADAG,2007-01-01,2160.1,1836.1,2484.1,False,2007,2121.0,INCREASING
GADAG,2008-01-01,2203.2,1872.7,2533.6,False,2008,2457.0,INCREASING
GADAG,2009-01-01,2246.3,1909.3,2583.2,False,2009,2378.0,INCREASING
GADAG,2010-01-01,2289.4,1946.0,2632.8,False,2010,2290.0,INCREASING
GADAG,2011-01-01,2332.5,1982.6,2682.3,False,2011,2286.0,INCREASING
GADAG,2012-01-01,2375.5,2019.2,2731.9,False,2012,2248.0,INCREASING
GADAG,2013-01-01,2418.6,2055.8,2781.4,False,2013,2290.0,INCREASING
GADAG,2014-01-01,2461.7,2092.5,2831.0,True,2014,,INCREASING
GADAG,2015-01-01,2504.8,2129.1,2880.5,True,2015,,INCREASING
GADAG,2016-01-01,2547.9,2165.7,2930.1,True,2016,,INCREASING
GULBARGA,2001-01-01,9315.5,7918.2,10712.8,False,2001,8661.0,STABLE
GULBARGA,2002-01-01,9403.1,7992.6,10813.6,False,2002,8331.0,STABLE
GULBARGA,2003-01-01,9490.7,8067.1,10914.3,False,2003,8789.0,STABLE
GULBARGA,2004-01-01,9578.3,8141.6,11015.0,False,2004,9682.0,STABLE
GULBARGA,2005-01-01,9665.9,8216.0,11115.8,False,2005,10055.0,STABLE
GULBARGA,2006-01-01,9753.5,8290.5,11216.5,False,2006,10527.0,STABLE
GULBARGA,2007-01-01,9841.1,8364.9,11317.2,False,2007,10255.0,STABLE
GULBARGA,2008-01-01,9928.7,8439.4,11418.0,False,2008,11613.0,STABLE
GULBARGA,2009-01-01,10016.3,8513.8,11518.7,False,2009,12354.0,STABLE
GULBARGA,2010-01-01,10103.9,8588.3,11619.4,False,2010,10056.0,STABLE
GULBARGA,2011-01-01,10191.5,8662.7,11720.2,False,2011,9578.0,STABLE
GULBARGA,2012-01-01,10279.0,8737.2,11820.9,False,2012,8597.0,STABLE
GULBARGA,2013-01-01,10366.6,8811.6,11921.6,False,2013,9436.0,STABLE
GULBARGA,2014-01-01,10454.2,8886.1,12022.4,True,2014,,STABLE
GULBARGA,2015-01-01,10541.8,8960.6,12123.1,True,2015,,STABLE
GULBARGA,2016-01-01,10629.4,9035.0,12223.8,True,2016,,STABLE
HASSAN,2001-01-01,7911.9,6725.1,9098.6,False,2001,8383.0,INCREASING
HASSAN,2002-01-01,8272.3,7031.4,9513.1,False,2002,8524.0,INCREASING
HASSAN,2003-01-01,8632.6,7337.8,9927.5,False,2003,8776.0,INCREASING
HASSAN,2004-01-01,8993.0,7644.1,10342.0,False,2004,9044.0,INCREASING
HASSAN,2005-01-01,9353.4,7950.4,10756.5,False,2005,8569.0,INCREASING
HASSAN,2006-01-01,9713.8,8256.8,11170.9,False,2006,8903.0,INCREASING
HASSAN,2007-01-01,10074.2,8563.1,11585.4,False,2007,9368.0,INCREASING
HASSAN,2008-01-01,10434.6,8869.4,11999.8,False,2008,10311.0,INCREASING
HASSAN,2009-01-01,10795.0,9175.8,12414.3,False,2009,10692.0,INCREASING
HASSAN,2010-01-01,11155.4,9482.1,12828.7,False,2010,12839.0,INCREASING
HASSAN,2011-01-01,11515.8,9788.4,13243.2,False,2011,12604.0,INCREASING
HASSAN,2012-01-01,11876.2,10094.8,13657.6,False,2012,11553.0,INCREASING
HASSAN,2013-01-01,12236.6,10401.1,14072.1,False,2013,11399.0,INCREASING
HASSAN,2014-01-01,12597.0,10707.5,14486.6,True,2014,,INCREASING
HASSAN,2015-01-01,12957.4,11013.8,14901.0,True,2015,,INCREASING
HASSAN,2016-01-01,13317.8,11320.1,15315.5,True,2016,,INCREASING
HAVERI,2001-01-01,3951.1,3358.4,4543.7,False,2001,4548.0,INCREASING
HAVERI,2002-01-01,4014.9,3412.7,4617.2,False,2002,4029.0,INCREASING
HAVERI,2003-01-01,4078.8,3467.0,4690.6,False,2003,3778.0,INCREASING
HAVERI,2004-01-01,4142.7,3521.3,4764.1,False,2004,4071.0,INCREASING
HAVERI,2005-01-01,4206.6,3575.6,4837.5,False,2005,3903.0,INCREASING
HAVERI,2006-01-01,4270.4,3629.9,4911.0,False,2006,3796.0,INCREASING
HAVERI,2007-01-01,4334.3,3684.2,4984.5,False,2007,4210.0,INCREASING
HAVERI,2008-01-01,4398.2,3738.5,5057.9,False,2008,4779.0,INCREASING
HAVERI,2009-01-01,4462.1,3792.7,5131.4,False,2009,4434.0,INCREASING
HAVERI,2010-01-01,4525.9,3847.0,5204.8,False,2010,4645.0,INCREASING
HAVERI,2011-01-01,4589.8,3901.3,5278.3,False,2011,4853.0,INCREASING
HAVERI,2012-01-01,4653.7,3955.6,5351.7,False,2012,4809.0,INCREASING
HAVERI,2013-01-01,4717.5,4009.9,5425.2,False,2013,4491.0,INCREASING
HAVERI,2014-01-01,4781.4,4064.2,5498.6,True,2014,,INCREASING
HAVERI,2015-01-01,4845.3,4118.5,5572.1,True,2015,,INCREASING
HAVERI,2016-01-01,4909.2,4172.8,5645.5,True,2016,,INCREASING
K.G.F.,2001-01-01,1948.1,1655.8,2240.3,False,2001,1933.0,STABLE
K.G.F.,2002-01-01,1942.4,1651.0,2233.7,False,2002,2372.0,STABLE
K.G.F.,2003-01-01,1936.7,1646.2,2227.2,False,2003,1972.0,STABLE
K.G.F.,2004-01-01,1931.0,1641.4,2220.7,False,2004,1770.0,STABLE
K.G.F.,2005-01-01,1925.4,1636.5,2214.2,False,2005,1795.0,STABLE
K.G.F.,2006-01-01,1919.7,1631.7,2207.6,False,2006,1642.0,STABLE
K.G.F.,2007-01-01,1914.0,1626.9,2201.1,False,2007,1832.0,STABLE
K.G.F.,2008-01-01,1908.3,1622.1,2194.6,False,2008,1772.0,STABLE
K.G.F.,2009-01-01,1902.6,1617.3,2188.0,False,2009,1799.0,STABLE
K.G.F.,2010-01-01,1897.0,1612.4,2181.5,False,2010,2093.0,STABLE
K.G.F.,2011-01-01,1891.3,1607.6,2175.0,False,2011,2045.0,STABLE
K.G.F.,2012-01-01,1885.6,1602.8,2168.5,False,2012,2116.0,STABLE
K.G.F.,2013-01-01,1879.9,1598.0,2161.9,False,2013,1741.0,STABLE
K.G.F.,2014-01-01,1874.3,1593.1,2155.4,True,2014,,STABLE
K.G.F.,2015-01-01,1868.6,1588.3,2148.9,True,2015,,STABLE
K.G.F.,2016-01-01,1862.9,1583.5,2142.4,True,2016,,STABLE
KODAGU,2001-01-01,2672.8,2271.9,3073.7,False,2001,2697.0,INCREASING
KODAGU,2002-01-01,2779.1,2362.2,3195.9,False,2002,2816.0,INCREASING
KODAGU,2003-01-01,2885.4,2452.6,3318.2,False,2003,2650.0,INCREASING
KODAGU,2004-01-01,2991.7,2542.9,3440.4,False,2004,3040.0,INCREASING
KODAGU,2005-01-01,3098.0,2633.3,3562.7,False,2005,3051.0,INCREASING
KODAGU,2006-01-01,3204.3,2723.7,3685.0,False,2006,2751.0,INCREASING
KODAGU,2007-01-01,3310.6,2814.0,3807.2,False,2007,3370.0,INCREASING
KODAGU,2008-01-01,3416.9,2904.4,3929.5,False,2008,3591.0,INCREASING
KODAGU,2009-01-01,3523.2,2994.7,4051.7,False,2009,3773.0,INCREASING
KODAGU,2010-01-01,3629.5,3085.1,4174.0,False,2010,4546.0,INCREASING
KODAGU,2011-01-01,3735.8,3175.5,4296.2,False,2011,3948.0,INCREASING
KODAGU,2012-01-01,3842.2,3265.8,4418.5,False,2012,3214.0,INCREASING
KODAGU,2013-01-01,3948.5,3356.2,4540.7,False,2013,3591.0,INCREASING
KODAGU,2014-01-01,4054.8,3446.6,4663.0,True,2014,,INCREASING
KODAGU,2015-01-01,4161.1,3536.9,4785.2,True,2015,,INCREASING
KODAGU,2016-01-01,4267.4,3627.3,4907.5,True,2016,,INCREASING
KOLAR,2001-01-01,7557.2,6423.6,8690.8,False,2001,6782.0,DECREASING
KOLAR,2002-01-01,7267.7,6177.5,8357.8,False,2002,7522.0,DECREASING
KOLAR,2003-01-01,6978.2,5931.4,8024.9,False,2003,6829.0,DECREASING
KOLAR,2004-01-01,6688.6,5685.3,7691.9,False,2004,6667.0,DECREASING
KOLAR,2005-01-01,6399.1,5439.3,7359.0,False,2005,6656.0,DECREASING
KOLAR,2006-01-01,6109.6,5193.2,7026.0,False,2006,7266.0,DECREASING
KOLAR,2007-01-01,5820.1,4947.1,6693.1,False,2007,7935.0,DECREASING
KOLAR,2008-01-01,5530.6,4701.0,6360.1,False,2008,4270.0,DECREASING
KOLAR,2009-01-01,5241.0,4454.9,6027.2,False,2009,3906.0,DECREASING
KOLAR,2010-01-01,4951.5,4208.8,5694.2,False,2010,4066.0,DECREASING
KOLAR,2011-01-01,4662.0,3962.7,5361.3,False,2011,4353.0,DECREASING
KOLAR,2012-01-01,4372.5,3716.6,5028.3,False,2012,4642.0,DECREASING
KOLAR,2013-01-01,4082.9,3470.5,4695.4,False,2013,4767.0,DECREASING
KOLAR,2014-01-01,3793.4,3224.4,4362.4,True,2014,,DECREASING
KOLAR,2015-01-01,3503.9,2978.3,4029.5,True,2015,,DECREASING
KOLAR,2016-01-01,3214.4,2732.2,3696.5,True,2016,,DECREASING
KOPPAL,2001-01-01,2597.6,2207.9,2987.2,False,2001,2950.0,INCREASING
KOPPAL,2002-01-01,2719.5,2311.5,3127.4,False,2002,2900.0,INCREASING
KOPPAL,2003-01-01,2841.3,2415.1,3267.5,False,2003,2355.0,INCREASING
KOPPAL,2004-01-01,2963.2,2518.7,3407.7,False,2004,2272.0,INCREASING
KOPPAL,2005-01-01,3085.1,2622.3,3547.9,False,2005,3277.0,INCREASING
KOPPAL,2006-01-01,3207.0,2725.9,3688.0,False,2006,3175.0,INCREASING
KOPPAL,2007-01-01,3328.8,2829.5,3828.2,False,2007,3365.0,INCREASING
KOPPAL,2008-01-01,3450.7,2933.1,3968.3,False,2008,3571.0,INCREASING
KOPPAL,2009-01-01,3572.6,3036.7,4108.5,False,2009,3957.0,INCREASING
KOPPAL,2010-01-01,3694.5,3140.3,4248.7,False,2010,4050.0,INCREASING
KOPPAL,2011-01-01,3816.4,3243.9,4388.8,False,2011,3887.0,INCREASING
KOPPAL,2012-01-01,3938.2,3347.5,4529.0,False,2012,3932.0,INCREASING
KOPPAL,2013-01-01,4060.1,3451.1,4669.1,False,2013,3584.0,INCREASING
KOPPAL,2014-01-01,4182.0,3554.7,4809.3,True,2014,,INCREASING
KOPPAL,2015-01-01,4303.9,3658.3,4949.5,True,2015,,INCREASING
KOPPAL,2016-01-01,4425.8,3761.9,5089.6,True,2016,,INCREASING
MANDYA,2001-01-01,7605.2,6464.4,8745.9,False,2001,9966.0,INCREASING
MANDYA,2002-01-01,8017.2,6814.6,9219.8,False,2002,9812.0,INCREASING
MANDYA,2003-01-01,8429.2,7164.8,9693.6,False,2003,7836.0,INCREASING
MANDYA,2004-01-01,8841.3,7515.1,10167.5,False,2004,7085.0,INCREASING
MANDYA,2005-01-01,9253.3,7865.3,10641.3,False,2005,7050.0,INCREASING
MANDYA,2006-01-01,9665.3,8215.5,11115.1,False,2006,8170.0,INCREASING
MANDYA,2007-01-01,10077.4,8565.8,11589.0,False,2007,8758.0,INCREASING
MANDYA,2008-01-01,10489.4,8916.0,12062.8,False,2008,9888.0,INCREASING
MANDYA,2009-01-01,10901.5,9266.2,12536.7,False,2009,11487.0,INCREASING
MANDYA,2010-01-01,11313.5,9616.5,13010.5,False,2010,13893.0,INCREASING
MANDYA,2011-01-01,11725.5,9966.7,13484.4,False,2011,12882.0,INCREASING
MANDYA,2012-01-01,12137.6,10316.9,13958.2,False,2012,12427.0,INCREASING
MANDYA,2013-01-01,12549.6,10667.2,14432.1,False,2013,11752.0,INCREASING
MANDYA,2014-01-01,12961.7,11017.4,14905.9,True,2014,,INCREASING
MANDYA,2015-01-01,13373.7,11367.6,15379.7,True,2015,,INCREASING
MANDYA,2016-01-01,13785.7,11717.9,15853.6,True,2016,,INCREASING
MYSORE COMMR.,2001-01-01,4209.4,3578.0,4840.8,False,2001,4145.0,INCREASING
MYSORE COMMR.,2002-01-01,4487.5,3814.4,5160.7,False,2002,3820.0,INCREASING
MYSORE COMMR.,2003-01-01,4765.6,4050.8,5480.5,False,2003,3979.0,INCREASING
MYSORE COMMR.,2004-01-01,5043.7,4287.2,5800.3,False,2004,4814.0,INCREASING
MYSORE COMMR.,2005-01-01,5321.9,4523.6,6120.1,False,2005,5797.0,INCREASING
MYSORE COMMR.,2006-01-01,5600.0,4760.0,6440.0,False,2006,5945.0,INCREASING
MYSORE COMMR.,2007-01-01,5878.1,4996.4,6759.8,False,2007,6479.0,INCREASING
MYSORE COMMR.,2008-01-01,6156.2,5232.8,7079.6,False,2008,6855.0,INCREASING
MYSORE COMMR.,2009-01-01,6434.3,5469.2,7399.4,False,2009,7120.0,INCREASING
MYSORE COMMR.,2010-01-01,6712.4,5705.5,7719.3,False,2010,7700.0,INCREASING
MYSORE COMMR.,2011-01-01,6990.5,5941.9,8039.1,False,2011,6970.0,INCREASING
MYSORE COMMR.,2012-01-01,7268.6,6178.3,8358.9,False,2012,6338.0,INCREASING
MYSORE COMMR.,2013-01-01,7546.7,6414.7,8678.7,False,2013,6453.0,INCREASING
MYSORE COMMR.,2014-01-01,7824.8,6651.1,8998.6,True,2014,,INCREASING
MYSORE COMMR.,2015-01-01,8103.0,6887.5,9318.4,True,2015,,INCREASING
MYSORE COMMR.,2016-01-01,8381.1,7123.9,9638.2,True,2016,,INCREASING
MYSORE RURAL,2001-01-01,4830.2,4105.6,5554.7,False,2001,6026.0,INCREASING
MYSORE RURAL,2002-01-01,5186.3,4408.4,5964.3,False,2002,5834.0,INCREASING
MYSORE RURAL,2003-01-01,5542.5,4711.1,6373.8,False,2003,4948.0,INCREASING
MYSORE RURAL,2004-01-01,5898.6,5013.8,6783.4,False,2004,5455.0,INCREASING
MYSORE RURAL,2005-01-01,6254.7,5316.5,7192.9,False,2005,5569.0,INCREASING
MYSORE RURAL,2006-01-01,6610.9,5619.2,7602.5,False,2006,5951.0,INCREASING
MYSORE RURAL,2007-01-01,6967.0,5922.0,8012.1,False,2007,6611.0,INCREASING
MYSORE RURAL,2008-01-01,7323.1,6224.7,8421.6,False,2008,6601.0,INCREASING
MYSORE RURAL,2009-01-01,7679.3,6527.4,8831.2,False,2009,7291.0,INCREASING
MYSORE RURAL,2010-01-01,8035.4,6830.1,9240.7,False,2010,9346.0,INCREASING
MYSORE RURAL,2011-01-01,8391.5,7132.8,9650.3,False,2011,9181.0,INCREASING
MYSORE RURAL,2012-01-01,8747.7,7435.5,10059.8,False,2012,9104.0,INCREASING
MYSORE RURAL,2013-01-01,9103.8,7738.3,10469.4,False,2013,8654.0,INCREASING
MYSORE RURAL,2014-01-01,9460.0,8041.0,10879.0,True,2014,,INCREASING
MYSORE RURAL,2015-01-01,9816.1,8343.7,11288.5,True,2015,,INCREASING
MYSORE RURAL,2016-01-01,10172.2,8646.4,11698.1,True,2016,,INCREASING
RAICHUR,2001-01-01,4788.2,4070.0,5506.5,False,2001,4941.0,INCREASING
RAICHUR,2002-01-01,4959.8,4215.8,5703.7,False,2002,5213.0,INCREASING
RAICHUR,2003-01-01,5131.3,4361.6,5901.0,False,2003,4820.0,INCREASING
RAICHUR,2004-01-01,5302.8,4507.4,6098.3,False,2004,4793.0,INCREASING
RAICHUR,2005-01-01,5474.4,4653.2,6295.5,False,2005,5350.0,INCREASING
RAICHUR,2006-01-01,5645.9,4799.0,6492.8,False,2006,5732.0,INCREASING
RAICHUR,2007-01-01,5817.5,4944.8,6690.1,False,2007,5930.0,INCREASING
RAICHUR,2008-01-01,5989.0,5090.6,6887.4,False,2008,6165.0,INCREASING
RAICHUR,2009-01-01,6160.5,5236.5,7084.6,False,2009,5959.0,INCREASING
RAICHUR,2010-01-01,6332.1,5382.3,7281.9,False,2010,6916.0,INCREASING
RAICHUR,2011-01-01,6503.6,5528.1,7479.2,False,2011,7196.0,INCREASING
RAICHUR,2012-01-01,6675.2,5673.9,7676.4,False,2012,6265.0,INCREASING
RAICHUR,2013-01-01,6846.7,5819.7,7873.7,False,2013,6347.0,INCREASING
RAICHUR,2014-01-01,7018.2,5965.5,8071.0,True,2014,,INCREASING
RAICHUR,2015-01-01,7189.8,6111.3,8268.2,True,2015,,INCREASING
RAICHUR,2016-01-01,7361.3,6257.1,8465.5,True,2016,,INCREASING
RAILWAYS,2001-01-01,1704.0,1448.4,1959.6,False,2001,1499.0,STABLE
RAILWAYS,2002-01-01,1716.0,1458.6,1973.4,False,2002,1828.0,STABLE
RAILWAYS,2003-01-01,1728.0,1468.8,1987.2,False,2003,2164.0,STABLE
RAILWAYS,2004-01-01,1740.0,1479.0,2001.1,False,2004,2405.0,STABLE
RAILWAYS,2005-01-01,1752.1,1489.2,2014.9,False,2005,1688.0,STABLE
RAILWAYS,2006-01-01,1764.1,1499.5,2028.7,False,2006,1489.0,STABLE
RAILWAYS,2007-01-01,1776.1,1509.7,2042.5,False,2007,1345.0,STABLE
RAILWAYS,2008-01-01,1788.1,1519.9,2056.3,False,2008,1197.0,STABLE
RAILWAYS,2009-01-01,1800.1,1530.1,2070.1,False,2009,1668.0,STABLE
RAILWAYS,2010-01-01,1812.1,1540.3,2083.9,False,2010,1599.0,STABLE
RAILWAYS,2011-01-01,1824.1,1550.5,2097.7,False,2011,1865.0,STABLE
RAILWAYS,2012-01-01,1836.1,1560.7,2111.6,False,2012,1786.0,STABLE
RAILWAYS,2013-01-01,1848.1,1570.9,2125.4,False,2013,2556.0,STABLE
RAILWAYS,2014-01-01,1860.2,1581.1,2139.2,True,2014,,STABLE
RAILWAYS,2015-01-01,1872.2,1591.3,2153.0,True,2015,,STABLE
RAILWAYS,2016-01-01,1884.2,1601.5,2166.8,True,2016,,STABLE
RAMANAGAR,2008-01-01,8828.5,7504.2,10152.8,False,2008,8613.0,STABLE
RAMANAGAR,2009-01-01,8996.4,7646.9,10345.8,False,2009,9026.0,STABLE
RAMANAGAR,2010-01-01,9164.2,7789.6,10538.9,False,2010,9444.0,STABLE
RAMANAGAR,2011-01-01,9332.1,7932.3,10731.9,False,2011,9175.0,STABLE
RAMANAGAR,2012-01-01,9500.0,8075.0,10924.9,False,2012,9934.0,STABLE
RAMANAGAR,2013-01-01,9667.8,8217.6,11118.0,False,2013,9297.0,STABLE
RAMANAGAR,2014-01-01,9835.7,8360.3,11311.0,True,2014,,STABLE
RAMANAGAR,2015-01-01,10003.5,8503.0,11504.1,True,2015,,STABLE
RAMANAGAR,2016-01-01,10171.4,8645.7,11697.1,True,2016,,STABLE
SHIMOGA,2001-01-01,7672.5,6521.6,8823.4,False,2001,8674.0,INCREASING
SHIMOGA,2002-01-01,8029.7,6825.3,9234.2,False,2002,8704.0,INCREASING
SHIMOGA,2003-01-01,8386.9,7128.9,9645.0,False,2003,7714.0,INCREASING
SHIMOGA,2004-01-01,8744.1,7432.5,10055.8,False,2004,7861.0,INCREASING
SHIMOGA,2005-01-01,9101.4,7736.1,10466.6,False,2005,8675.0,INCREASING
SHIMOGA,2006-01-01,9458.6,8039.8,10877.3,False,2006,9198.0,INCREASING
SHIMOGA,2007-01-01,9815.8,8343.4,11288.1,False,2007,8829.0,INCREASING
SHIMOGA,2008-01-01,10173.0,8647.0,11698.9,False,2008,9947.0,INCREASING
SHIMOGA,2009-01-01,10530.2,8950.7,12109.7,False,2009,11692.0,INCREASING
SHIMOGA,2010-01-01,10887.4,9254.3,12520.5,False,2010,12129.0,INCREASING
SHIMOGA,2011-01-01,11244.6,9557.9,12931.3,False,2011,11401.0,INCREASING
SHIMOGA,2012-01-01,11601.8,9861.5,13342.1,False,2012,10445.0,INCREASING
SHIMOGA,2013-01-01,11959.0,10165.2,13752.9,False,2013,12336.0,INCREASING
SHIMOGA,2014-01-01,12316.2,10468.8,14163.7,True,2014,,INCREASING
SHIMOGA,2015-01-01,12673.4,10772.4,14574.5,True,2015,,INCREASING
SHIMOGA,2016-01-01,13030.6,11076.1,14985.2,True,2016,,INCREASING
TOTAL,2001-01-01,228727.9,194418.7,263037.1,False,2001,231916.0,INCREASING
TOTAL,2002-01-01,235281.8,199989.5,270574.0,False,2002,242153.0,INCREASING
TOTAL,2003-01-01,241835.6,205560.3,278111.0,False,2003,239842.0,INCREASING
TOTAL,2004-01-01,248389.5,211131.0,285647.9,False,2004,245856.0,INCREASING
TOTAL,2005-01-01,254943.3,216701.8,293184.8,False,2005,253100.0,INCREASING
TOTAL,2006-01-01,261497.2,222272.6,300721.7,False,2006,251284.0,INCREASING
TOTAL,2007-01-01,268051.0,227843.4,308258.7,False,2007,256679.0,INCREASING
TOTAL,2008-01-01,274604.9,233414.1,315795.6,False,2008,274104.0,INCREASING
TOTAL,2009-01-01,281158.7,238984.9,323332.5,False,2009,290061.0,INCREASING
TOTAL,2010-01-01,287712.6,244555.7,330869.4,False,2010,306697.0,INCREASING
TOTAL,2011-01-01,294266.4,250126.4,338406.4,False,2011,297065.0,INCREASING
TOTAL,2012-01-01,300820.3,255697.2,345943.3,False,2012,288532.0,INCREASING
TOTAL,2013-01-01,307374.1,261268.0,353480.2,True,2013,,INCREASING
TOTAL,2014-01-01,313928.0,266838.8,361017.1,True,2014,,INCREASING
TOTAL,2015-01-01,320481.8,272409.5,368554.1,True,2015,,INCREASING
TUMKUR,2001-01-01,8328.0,7078.8,9577.2,False,2001,8698.0,INCREASING
TUMKUR,2002-01-01,8581.9,7294.6,9869.2,False,2002,8759.0,INCREASING
TUMKUR,2003-01-01,8835.8,7510.4,10161.1,False,2003,8440.0,INCREASING
TUMKUR,2004-01-01,9089.6,7726.2,10453.1,False,2004,9002.0,INCREASING
TUMKUR,2005-01-01,9343.5,7942.0,10745.0,False,2005,9165.0,INCREASING
TUMKUR,2006-01-01,9597.4,8157.8,11037.0,False,2006,8973.0,INCREASING
TUMKUR,2007-01-01,9851.2,8373.5,11328.9,False,2007,9895.0,INCREASING
TUMKUR,2008-01-01,10105.1,8589.3,11620.9,False,2008,10109.0,INCREASING
TUMKUR,2009-01-01,10359.0,8805.1,11912.8,False,2009,10517.0,INCREASING
TUMKUR,2010-01-01,10612.8,9020.9,12204.8,False,2010,10908.0,INCREASING
TUMKUR,2011-01-01,10866.7,9236.7,12496.7,False,2011,11768.0,INCREASING
TUMKUR,2012-01-01,11120.6,9452.5,12788.7,False,2012,11675.0,INCREASING
TUMKUR,2013-01-01,11374.4,9668.3,13080.6,False,2013,10157.0,INCREASING
TUMKUR,2014-01-01,11628.3,9884.1,13372.6,True,2014,,INCREASING
TUMKUR,2015-01-01,11882.2,10099.8,13664.5,True,2015,,INCREASING
TUMKUR,2016-01-01,12136.0,10315.6,13956.5,True,2016,,INCREASING
UDUPI,2001-01-01,4212.9,3580.9,4844.8,False,2001,4034.0,INCREASING
UDUPI,2002-01-01,4316.5,3669.0,4963.9,False,2002,4508.0,INCREASING
UDUPI,2003-01-01,4420.1,3757.1,5083.1,False,2003,4461.0,INCREASING
UDUPI,2004-01-01,4523.7,3845.1,5202.2,False,2004,4591.0,INCREASING
UDUPI,2005-01-01,4627.3,3933.2,5321.4,False,2005,4580.0,INCREASING
UDUPI,2006-01-01,4730.9,4021.2,5440.5,False,2006,4562.0,INCREASING
UDUPI,2007-01-01,4834.5,4109.3,5559.6,False,2007,4915.0,INCREASING
UDUPI,2008-01-01,4938.1,4197.4,5678.8,False,2008,4821.0,INCREASING
UDUPI,2009-01-01,5041.7,4285.4,5797.9,False,2009,4933.0,INCREASING
UDUPI,2010-01-01,5145.3,4373.5,5917.0,False,2010,5559.0,INCREASING
UDUPI,2011-01-01,5248.9,4461.5,6036.2,False,2011,5345.0,INCREASING
UDUPI,2012-01-01,5352.5,4549.6,6155.3,False,2012,5040.0,INCREASING
UDUPI,2013-01-01,5456.1,4637.6,6274.5,False,2013,5499.0,INCREASING
UDUPI,2014-01-01,5559.7,4725.7,6393.6,True,2014,,INCREASING
UDUPI,2015-01-01,5663.3,4813.8,6512.7,True,2015,,INCREASING
UDUPI,2016-01-01,5766.9,4901.8,6631.9,True,2016,,INCREASING
UTTAR KANNADA,2001-01-01,4384.1,3726.5,5041.7,False,2001,4728.0,INCREASING
UTTAR KANNADA,2002-01-01,4520.3,3842.3,5198.4,False,2002,4760.0,INCREASING
UTTAR KANNADA,2003-01-01,4656.5,3958.0,5355.0,False,2003,4698.0,INCREASING
UTTAR KANNADA,2004-01-01,4792.7,4073.8,5511.6,False,2004,4671.0,INCREASING
UTTAR KANNADA,2005-01-01,4928.9,4189.6,5668.2,False,2005,4731.0,INCREASING
UTTAR KANNADA,2006-01-01,5065.1,4305.3,5824.9,False,2006,4656.0,INCREASING
UTTAR KANNADA,2007-01-01,5201.3,4421.1,5981.5,False,2007,4768.0,INCREASING
UTTAR KANNADA,2008-01-01,5337.5,4536.9,6138.1,False,2008,5276.0,INCREASING
UTTAR KANNADA,2009-01-01,5473.7,4652.6,6294.8,False,2009,5298.0,INCREASING
UTTAR KANNADA,2010-01-01,5609.9,4768.4,6451.4,False,2010,6110.0,INCREASING
UTTAR KANNADA,2011-01-01,5746.1,4884.2,6608.0,False,2011,6049.0,INCREASING
UTTAR KANNADA,2012-01-01,5882.3,5000.0,6764.6,False,2012,5751.0,INCREASING
UTTAR KANNADA,2013-01-01,6018.5,5115.7,6921.3,False,2013,6121.0,INCREASING
UTTAR KANNADA,2014-01-01,6154.7,5231.5,7077.9,True,2014,,INCREASING
UTTAR KANNADA,2015-01-01,6290.9,5347.3,7234.5,True,2015,,INCREASING
UTTAR KANNADA,2016-01-01,6427.1,5463.0,7391.2,True,2016,,INCREASING
YADGIRI,2010-01-01,3230.7,2746.1,3715.3,False,2010,3176.0,STABLE
YADGIRI,2011-01-01,3178.9,2702.1,3655.7,False,2011,3290.0,STABLE
YADGIRI,2012-01-01,3127.1,2658.0,3596.2,False,2012,3069.0,STABLE
YADGIRI,2013-01-01,3075.3,2614.0,3536.6,False,2013,3077.0,STABLE
YADGIRI,2014-01-01,3023.5,2570.0,3477.0,True,2014,,STABLE
YADGIRI,2015-01-01,2971.7,2525.9,3417.5,True,2015,,STABLE
YADGIRI,2016-01-01,2919.9,2481.9,3357.9,True,2016,,STABLE
