DISTRICT,STATE_UT,YEAR,MURDER,ATTEMPT_TO_MURDER,CULPABLE_HOMICIDE_NOT_AMOUNTING_TO_MURDER,RAPE,CUSTODIAL_RAPE,OTHER_RAPE,KIDNAPPING_ABDUCTION,KIDNAPPING_AND_ABDUCTION_OF_WOMEN_AND_GIRLS,KIDNAPPING_AND_ABDUCTION_OF_OTHERS,DACOITY,PREPARATION_AND_ASSEMBLY_FOR_DACOITY,ROBBERY,BURGLARY,THEFT,AUTO_THEFT,OTHER_THEFT,RIOTS,CRIMINAL_BREACH_OF_TRUST,CHEATING,COUNTERFIETING,ARSON,HURT_GREVIOUS_HURT,DOWRY_DEATHS,ASSAULT_ON_WOMEN_WITH_INTENT_TO_OUTRAGE_HER_MODESTY,INSULT_TO_MODESTY_OF_WOMEN,CRUELTY_BY_HUSBAND_OR_HIS_RELATIVES,IMPORTATION_OF_GIRLS_FROM_FOREIGN_COUNTRIES,CAUSING_DEATH_BY_NEGLIGENCE,OTHER_IPC_CRIMES,TOTAL_IPC_CRIMES,STATES_UTS,ATTEMPT_TO_COMMIT_MURDER,ATTEMPT_TO_COMMIT_CULPABLE_HOMICIDE,CUSTODIAL_GANG_RAPE,CUSTODIAL_OTHER_RAPE,RAPE_OTHER_THAN_CUSTODIAL,RAPE_GANG_RAPE,RAPE_OTHERS,ATTEMPT_TO_COMMIT_RAPE,KIDNAPPING_ABDUCTION_TOTAL,KIDNAPPING_ABDUCTION_IN_ORDER_TO_MURDER,KIDNAPPING_FOR_RANSOM,KIDNAPPING_ABDUCTION_OF_WOMEN_TO_COMPEL_HER_FOR_MARRIAGE,OTHER_KIDNAPPING,DACOITY_WITH_MURDER,OTHER_DACOITY,MAKING_PREPARATION_AND_ASSEMBLY_FOR_COMMITTING_DACOITY,CRIMINAL_TRESPASS_BURGLARY,CRIMINAL_TRESPASS_OR_BURGLARY,HOUSE_TRESPASS_HOUSE_BREAKING,OTHER_THEFTS,UNLAWFUL_ASSEMBLY,RIOTS_COMMUNAL,RIOTS_INDUSTRIAL,RIOTS_POLITICAL,RIOTS_CASTE_CONFLICT,RIOTS_SC_STS_VS_NON_SCS_STS,RIOTS_OTHER_CASTE_CONFLICT,RIOTS_AGRARIAN,RIOTS_STUDENTS,RIOTS_SECTARIAN,RIOTS_OTHERS,FORGERY,COUNTERFEITING,COUNTERFEIT_OFFENCES_RELATED_TO_COUNTERFEIT_COIN,COUNTERFEITING_GOVERNMENT_STAMP,COUNTERFEIT_CURRENCY_BANK_NOTES,COUNTERFEITING_CURRENCY_NOTES_BANK_NOTES,USING_FORGED_OR_COUNTERFEITING_CURRENCY_BANK_NOTES,POSSESSION_OF_FORGED_OR_COUNTERFEITING_CURRENCY_BANK_NOTES,MAKING_OR_POSSESSING_MATERIALS_FOR_FORGED_CURRENCY_BANK_NOTES,MAKING_OR_USING_DOCUMENTS_RESEMBLING_CURRENCY,GRIEVOUS_HURT,HURT,ACID_ATTACK,ATTEMPT_TO_ACID_ATTACK,SEXUAL_HARASSMENT,ASSAULT_OR_USE_OF_CRIMINAL_FORCE_TO_WOMEN_WITH_INTENT_TO_DISROBE,VOYEURISM,STALKING,OTHER_ASSAULT_ON_WOMEN,INSULT_TO_THE_MODESTY_OF_WOMEN,AT_OFFICE_PREMISES,OTHER_PLACES_RELATED_TO_WORK,IN_PUBLIC_TRANSPORT_SYSTEM,"PLACES_OTHER_THAN_231,_232_233",IMPORTATION_OF_GIRLS_FROM_FOREIGN_COUNTRY,DEATHS_DUE_TO_NEGLIGENT_DRIVING_ACT,DEATHS_DUE_TO_OTHER_CAUSES,OFFENCES_AGAINST_STATE,SEDITION,OTHER_OFFENCES_AGAINST_STATE,OFFENCES_PROMOTING_ENMITY_BETWEEN_DIFFERENT_GROUPS,PROMOTING_ENMITY_BETWEEN_DIFFERENT_GROUPS,"IMPUTATION,_ASSERTIONS_PREJUDICIAL_TO_NATIONAL_INTEGRATION",EXTORTION,DISCLOSURE_OF_IDENTITY_OF_VICTIMS,INCIDENCE_OF_RASH_DRIVING,HUMANTRAFFICKING,UNNATURAL_OFFENCE,TOTAL_COGNIZABLE_IPC_CRIMES,TOTAL_CRIMES,CRIME_YOY_CHANGE,CRIME_3YR_AVG,RISK_LABEL,RISK_CODE,DISTRICT_ENCODED,LAT,LON,VIOLENT_CRIME_INDEX,WOMEN_CRIME_INDEX,PROPERTY_CRIME_INDEX,IS_SPIKE,PREDICTED_RISK_CODE,PREDICTED_RISK_LABEL,PROB_LOW,PROB_MEDIUM,PROB_HIGH,CLUSTER
BAGALKOT,Karnataka,2013,52,33.0,1,30,0,30.0,18,11.0,7.0,9,5.0,22,147.0,197,113,84.0,292,4,84,0.0,7,231.0,3,86,2.0,46,0.0,0,1071,2340.0,,0.0,0.0,0.0,0.0,0.0,0.0,0.0,0.0,0.0,0.0,0.0,0.0,0.0,0.0,0.0,0.0,0.0,0.0,0.0,0.0,0.0,0.0,0.0,0.0,0.0,0.0,0.0,0.0,0.0,0.0,0.0,0.0,0.0,0.0,0.0,0.0,0.0,0.0,0.0,0.0,0.0,0.0,0.0,0.0,0.0,0.0,0.0,0.0,0.0,0.0,0.0,0.0,0.0,0.0,0.0,0.0,0.0,0.0,,0.0,,0.0,0.0,0.0,0.0,0.0,0.0,0.0,0.0,0.0,4925.0,3.64,4786.0,LOW,0,0,16.1691,75.6966,131,165,545.0,0,0,LOW,0.998,0.001,0.001,0
BANGALORE COMMR.,Karnataka,2013,217,442.0,26,80,0,80.0,642,538.0,104.0,40,425.0,619,1404.0,10643,5356,5287.0,362,133,2987,33.0,16,3132.0,52,378,73.0,482,0.0,160,7972,30318.0,,0.0,0.0,0.0,0.0,0.0,0.0,0.0,0.0,0.0,0.0,0.0,0.0,0.0,0.0,0.0,0.0,0.0,0.0,0.0,0.0,0.0,0.0,0.0,0.0,0.0,0.0,0.0,0.0,0.0,0.0,0.0,0.0,0.0,0.0,0.0,0.0,0.0,0.0,0.0,0.0,0.0,0.0,0.0,0.0,0.0,0.0,0.0,0.0,0.0,0.0,0.0,0.0,0.0,0.0,0.0,0.0,0.0,0.0,,0.0,,0.0,0.0,0.0,0.0,0.0,0.0,0.0,0.0,0.0,72001.0,4.29,70940.7,MEDIUM,1,1,,,1598,992,20523.0,0,1,MEDIUM,0.025,0.961,0.015,-1
BANGALORE RURAL,Karnataka,2013,69,76.0,3,57,0,57.0,93,85.0,8.0,30,7.0,129,311.0,596,305,291.0,246,35,281,1.0,10,562.0,22,130,0.0,112,0.0,24,2869,5663.0,,0.0,0.0,0.0,0.0,0.0,0.0,0.0,0.0,0.0,0.0,0.0,0.0,0.0,0.0,0.0,0.0,0.0,0.0,0.0,0.0,0.0,0.0,0.0,0.0,0.0,0.0,0.0,0.0,0.0,0.0,0.0,0.0,0.0,0.0,0.0,0.0,0.0,0.0,0.0,0.0,0.0,0.0,0.0,0.0,0.0,0.0,0.0,0.0,0.0,0.0,0.0,0.0,0.0,0.0,0.0,0.0,0.0,0.0,,0.0,,0.0,0.0,0.0,0.0,0.0,0.0,0.0,0.0,0.0,12072.0,1.86,11482.0,LOW,0,2,13.1986,77.5659,378,321,1528.0,0,0,LOW,0.998,0.001,0.001,0
BELGAUM,Karnataka,2013,113,103.0,0,61,0,61.0,40,25.0,15.0,8,4.0,67,310.0,472,268,204.0,473,20,296,0.0,16,775.0,7,246,12.0,200,0.0,36,3335,6594.0,,0.0,0.0,0.0,0.0,0.0,0.0,0.0,0.0,0.0,0.0,0.0,0.0,0.0,0.0,0.0,0.0,0.0,0.0,0.0,0.0,0.0,0.0,0.0,0.0,0.0,0.0,0.0,0.0,0.0,0.0,0.0,0.0,0.0,0.0,0.0,0.0,0.0,0.0,0.0,0.0,0.0,0.0,0.0,0.0,0.0,0.0,0.0,0.0,0.0,0.0,0.0,0.0,0.0,0.0,0.0,0.0,0.0,0.0,,0.0,,0.0,0.0,0.0,0.0,0.0,0.0,0.0,0.0,0.0,13761.0,-3.15,14451.0,LOW,0,3,15.8497,74.4977,289,514,1366.0,0,0,LOW,0.998,0.001,0.001,0
BELLARY,Karnataka,2013,57,41.0,0,36,0,36.0,58,23.0,35.0,7,1.0,53,177.0,351,205,146.0,206,25,214,0.0,3,414.0,5,99,0.0,58,0.0,3,1461,3269.0,,0.0,0.0,0.0,0.0,0.0,0.0,0.0,0.0,0.0,0.0,0.0,0.0,0.0,0.0,0.0,0.0,0.0,0.0,0.0,0.0,0.0,0.0,0.0,0.0,0.0,0.0,0.0,0.0,0.0,0.0,0.0,0.0,0.0,0.0,0.0,0.0,0.0,0.0,0.0,0.0,0.0,0.0,0.0,0.0,0.0,0.0,0.0,0.0,0.0,0.0,0.0,0.0,0.0,0.0,0.0,0.0,0.0,0.0,,0.0,,0.0,0.0,0.0,0.0,0.0,0.0,0.0,0.0,0.0,6983.0,5.48,6801.3,LOW,0,4,15.1394,76.9214,211,198,972.0,0,0,LOW,0.998,0.001,0.001,0
BIDAR,Karnataka,2013,40,47.0,7,18,0,18.0,34,31.0,3.0,3,2.0,30,107.0,171,75,96.0,207,4,53,3.0,15,941.0,7,82,9.0,112,0.0,13,2058,3963.0,,0.0,0.0,0.0,0.0,0.0,0.0,0.0,0.0,0.0,0.0,0.0,0.0,0.0,0.0,0.0,0.0,0.0,0.0,0.0,0.0,0.0,0.0,0.0,0.0,0.0,0.0,0.0,0.0,0.0,0.0,0.0,0.0,0.0,0.0,0.0,0.0,0.0,0.0,0.0,0.0,0.0,0.0,0.0,0.0,0.0,0.0,0.0,0.0,0.0,0.0,0.0,0.0,0.0,0.0,0.0,0.0,0.0,0.0,,0.0,,0.0,0.0,0.0,0.0,0.0,0.0,0.0,0.0,0.0,8149.0,8.22,7595.0,LOW,0,5,17.9104,77.5199,125,219,410.0,0,0,LOW,0.998,0.001,0.001,0
BIJAPUR,Karnataka,2013,66,45.0,3,28,0,28.0,37,21.0,16.0,6,4.0,27,118.0,145,84,61.0,205,4,54,0.0,11,383.0,2,94,0.0,92,0.0,0,1245,2569.0,,0.0,0.0,0.0,0.0,0.0,0.0,0.0,0.0,0.0,0.0,0.0,0.0,0.0,0.0,0.0,0.0,0.0,0.0,0.0,0.0,0.0,0.0,0.0,0.0,0.0,0.0,0.0,0.0,0.0,0.0,0.0,0.0,0.0,0.0,0.0,0.0,0.0,0.0,0.0,0.0,0.0,0.0,0.0,0.0,0.0,0.0,0.0,0.0,0.0,0.0,0.0,0.0,0.0,0.0,0.0,0.0,0.0,0.0,,0.0,,0.0,0.0,0.0,0.0,0.0,0.0,0.0,0.0,0.0,5348.0,-7.04,5790.3,LOW,0,6,16.8302,75.71,164,216,405.0,0,0,LOW,0.998,0.001,0.001,0
CBPURA,Karnataka,2013,43,32.0,12,33,0,33.0,26,16.0,10.0,1,0.0,26,76.0,211,92,119.0,228,23,56,1.0,0,472.0,17,57,0.0,51,0.0,0,1007,2372.0,,0.0,0.0,0.0,0.0,0.0,0.0,0.0,0.0,0.0,0.0,0.0,0.0,0.0,0.0,0.0,0.0,0.0,0.0,0.0,0.0,0.0,0.0,0.0,0.0,0.0,0.0,0.0,0.0,0.0,0.0,0.0,0.0,0.0,0.0,0.0,0.0,0.0,0.0,0.0,0.0,0.0,0.0,0.0,0.0,0.0,0.0,0.0,0.0,0.0,0.0,0.0,0.0,0.0,0.0,0.0,0.0,0.0,0.0,,0.0,,0.0,0.0,0.0,0.0,0.0,0.0,0.0,0.0,0.0,5014.0,-8.12,5372.3,LOW,0,7,,,129,158,458.0,0,0,LOW,0.998,0.001,0.001,1
CHAMARAJNAGAR,Karnataka,2013,27,63.0,4,16,0,16.0,17,15.0,2.0,5,0.0,11,54.0,137,58,79.0,141,3,41,0.0,3,515.0,4,95,0.0,25,0.0,0,705,1866.0,,0.0,0.0,0.0,0.0,0.0,0.0,0.0,0.0,0.0,0.0,0.0,0.0,0.0,0.0,0.0,0.0,0.0,0.0,0.0,0.0,0.0,0.0,0.0,0.0,0.0,0.0,0.0,0.0,0.0,0.0,0.0,0.0,0.0,0.0,0.0,0.0,0.0,0.0,0.0,0.0,0.0,0.0,0.0,0.0,0.0,0.0,0.0,0.0,0.0,0.0,0.0,0.0,0.0,0.0,0.0,0.0,0.0,0.0,,0.0,,0.0,0.0,0.0,0.0,0.0,0.0,0.0,0.0,0.0,3902.0,8.51,3859.0,LOW,0,8,,,76,140,293.0,0,0,LOW,0.998,0.001,0.001,1
CHICKMAGALUR,Karnataka,2013,38,37.0,6,21,1,20.0,36,36.0,0.0,7,0.0,20,106.0,162,75,87.0,154,13,71,1.0,0,577.0,7,141,0.0,69,0.0,0,1292,2758.0,,0.0,0.0,0.0,0.0,0.0,0.0,0.0,0.0,0.0,0.0,0.0,0.0,0.0,0.0,0.0,0.0,0.0,0.0,0.0,0.0,0.0,0.0,0.0,0.0,0.0,0.0,0.0,0.0,0.0,0.0,0.0,0.0,0.0,0.0,0.0,0.0,0.0,0.0,0.0,0.0,0.0,0.0,0.0,0.0,0.0,0.0,0.0,0.0,0.0,0.0,0.0,0.0,0.0,0.0,0.0,0.0,0.0,0.0,,0.0,,0.0,0.0,0.0,0.0,0.0,0.0,0.0,0.0,0.0,5735.0,11.06,5522.3,LOW,0,9,13.3153,75.7754,122,238,427.0,0,0,LOW,0.998,0.001,0.001,0
CHITRADURGA,Karnataka,2013,31,42.0,1,31,0,31.0,28,27.0,1.0,4,1.0,25,130.0,213,98,115.0,193,7,62,0.0,17,782.0,7,178,0.0,64,0.0,4,2150,3970.0,,0.0,0.0,0.0,0.0,0.0,0.0,0.0,0.0,0.0,0.0,0.0,0.0,0.0,0.0,0.0,0.0,0.0,0.0,0.0,0.0,0.0,0.0,0.0,0.0,0.0,0.0,0.0,0.0,0.0,0.0,0.0,0.0,0.0,0.0,0.0,0.0,0.0,0.0,0.0,0.0,0.0,0.0,0.0,0.0,0.0,0.0,0.0,0.0,0.0,0.0,0.0,0.0,0.0,0.0,0.0,0.0,0.0,0.0,,0.0,,0.0,0.0,0.0,0.0,0.0,0.0,0.0,0.0,0.0,8212.0,-2.26,8507.3,LOW,0,10,14.2251,76.398,119,280,510.0,0,0,LOW,0.998,0.001,0.001,0
DAKSHIN KANNADA,Karnataka,2013,17,24.0,0,14,0,14.0,17,15.0,2.0,6,1.0,29,109.0,100,33,67.0,164,1,52,0.0,11,292.0,0,72,2.0,45,0.0,5,1089,2050.0,,0.0,0.0,0.0,0.0,0.0,0.0,0.0,0.0,0.0,0.0,0.0,0.0,0.0,0.0,0.0,0.0,0.0,0.0,0.0,0.0,0.0,0.0,0.0,0.0,0.0,0.0,0.0,0.0,0.0,0.0,0.0,0.0,0.0,0.0,0.0,0.0,0.0,0.0,0.0,0.0,0.0,0.0,0.0,0.0,0.0,0.0,0.0,0.0,0.0,0.0,0.0,0.0,0.0,0.0,0.0,0.0,0.0,0.0,,0.0,,0.0,0.0,0.0,0.0,0.0,0.0,0.0,0.0,0.0,4231.0,12.05,3869.7,LOW,0,11,,,83,131,295.0,0,0,LOW,0.998,0.001,0.001,1
DAVANAGERE,Karnataka,2013,33,23.0,2,33,0,33.0,31,21.0,10.0,7,7.0,58,180.0,397,199,198.0,352,30,93,2.0,3,641.0,14,167,5.0,127,0.0,12,1626,3843.0,,0.0,0.0,0.0,0.0,0.0,0.0,0.0,0.0,0.0,0.0,0.0,0.0,0.0,0.0,0.0,0.0,0.0,0.0,0.0,0.0,0.0,0.0,0.0,0.0,0.0,0.0,0.0,0.0,0.0,0.0,0.0,0.0,0.0,0.0,0.0,0.0,0.0,0.0,0.0,0.0,0.0,0.0,0.0,0.0,0.0,0.0,0.0,0.0,0.0,0.0,0.0,0.0,0.0,0.0,0.0,0.0,0.0,0.0,,0.0,,0.0,0.0,0.0,0.0,0.0,0.0,0.0,0.0,0.0,8147.0,18.43,6926.7,LOW,0,12,14.4644,75.9218,162,341,899.0,0,0,LOW,0.998,0.001,0.001,0
DHARWAD COMMR.,Karnataka,2013,19,50.0,0,16,0,16.0,99,75.0,24.0,7,7.0,65,184.0,393,201,192.0,157,14,180,1.0,9,221.0,4,37,5.0,85,0.0,9,881,2443.0,,0.0,0.0,0.0,0.0,0.0,0.0,0.0,0.0,0.0,0.0,0.0,0.0,0.0,0.0,0.0,0.0,0.0,0.0,0.0,0.0,0.0,0.0,0.0,0.0,0.0,0.0,0.0,0.0,0.0,0.0,0.0,0.0,0.0,0.0,0.0,0.0,0.0,0.0,0.0,0.0,0.0,0.0,0.0,0.0,0.0,0.0,0.0,0.0,0.0,0.0,0.0,0.0,0.0,0.0,0.0,0.0,0.0,0.0,,0.0,,0.0,0.0,0.0,0.0,0.0,0.0,0.0,0.0,0.0,5394.0,27.7,4547.3,LOW,0,13,,,206,142,972.0,0,0,LOW,0.998,0.001,0.001,1
DHARWAD RURAL,Karnataka,2013,25,42.0,2,18,0,18.0,13,0.0,13.0,1,0.0,5,38.0,54,18,36.0,85,8,19,0.0,5,146.0,1,34,0.0,27,0.0,4,711,1238.0,,0.0,0.0,0.0,0.0,0.0,0.0,0.0,0.0,0.0,0.0,0.0,0.0,0.0,0.0,0.0,0.0,0.0,0.0,0.0,0.0,0.0,0.0,0.0,0.0,0.0,0.0,0.0,0.0,0.0,0.0,0.0,0.0,0.0,0.0,0.0,0.0,0.0,0.0,0.0,0.0,0.0,0.0,0.0,0.0,0.0,0.0,0.0,0.0,0.0,0.0,0.0,0.0,0.0,0.0,0.0,0.0,0.0,0.0,,0.0,,0.0,0.0,0.0,0.0,0.0,0.0,0.0,0.0,0.0,2561.0,-5.15,2645.0,LOW,0,14,,,62,80,137.0,0,0,LOW,0.998,0.001,0.001,1
GADAG,Karnataka,2013,24,25.0,0,18,0,18.0,13,10.0,3.0,1,0.0,12,39.0,75,39,36.0,104,2,27,0.0,5,130.0,1,40,0.0,36,0.0,140,400,1092.0,,0.0,0.0,0.0,0.0,0.0,0.0,0.0,0.0,0.0,0.0,0.0,0.0,0.0,0.0,0.0,0.0,0.0,0.0,0.0,0.0,0.0,0.0,0.0,0.0,0.0,0.0,0.0,0.0,0.0,0.0,0.0,0.0,0.0,0.0,0.0,0.0,0.0,0.0,0.0,0.0,0.0,0.0,0.0,0.0,0.0,0.0,0.0,0.0,0.0,0.0,0.0,0.0,0.0,0.0,0.0,0.0,0.0,0.0,,0.0,,0.0,0.0,0.0,0.0,0.0,0.0,0.0,0.0,0.0,2290.0,1.87,2274.7,LOW,0,15,15.4298,75.6369,68,95,182.0,0,0,LOW,0.998,0.001,0.001,0
GULBARGA,Karnataka,2013,88,118.0,7,54,0,54.0,60,46.0,14.0,13,12.0,62,195.0,274,129,145.0,470,4,79,1.0,19,781.0,8,125,0.0,122,0.0,18,2014,4524.0,,0.0,0.0,0.0,0.0,0.0,0.0,0.0,0.0,0.0,0.0,0.0,0.0,0.0,0.0,0.0,0.0,0.0,0.0,0.0,0.0,0.0,0.0,0.0,0.0,0.0,0.0,0.0,0.0,0.0,0.0,0.0,0.0,0.0,0.0,0.0,0.0,0.0,0.0,0.0,0.0,0.0,0.0,0.0,0.0,0.0,0.0,0.0,0.0,0.0,0.0,0.0,0.0,0.0,0.0,0.0,0.0,0.0,0.0,,0.0,,0.0,0.0,0.0,0.0,0.0,0.0,0.0,0.0,0.0,9436.0,9.76,9203.7,LOW,0,16,17.3297,76.8343,277,309,681.0,0,0,LOW,0.998,0.001,0.001,0
HASSAN,Karnataka,2013,57,92.0,4,61,0,61.0,57,47.0,10.0,3,1.0,52,224.0,415,227,188.0,170,12,114,2.0,19,1275.0,12,182,0.0,157,0.0,0,2524,5433.0,,0.0,0.0,0.0,0.0,0.0,0.0,0.0,0.0,0.0,0.0,0.0,0.0,0.0,0.0,0.0,0.0,0.0,0.0,0.0,0.0,0.0,0.0,0.0,0.0,0.0,0.0,0.0,0.0,0.0,0.0,0.0,0.0,0.0,0.0,0.0,0.0,0.0,0.0,0.0,0.0,0.0,0.0,0.0,0.0,0.0,0.0,0.0,0.0,0.0,0.0,0.0,0.0,0.0,0.0,0.0,0.0,0.0,0.0,,0.0,,0.0,0.0,0.0,0.0,0.0,0.0,0.0,0.0,0.0,11399.0,-1.33,11852.0,LOW,0,17,13.0072,76.0962,230,412,992.0,0,0,LOW,0.998,0.001,0.001,0
HAVERI,Karnataka,2013,16,31.0,0,18,0,18.0,14,0.0,14.0,5,1.0,20,76.0,145,81,64.0,254,12,49,0.0,0,251.0,1,80,0.0,55,0.0,239,890,2157.0,,0.0,0.0,0.0,0.0,0.0,0.0,0.0,0.0,0.0,0.0,0.0,0.0,0.0,0.0,0.0,0.0,0.0,0.0,0.0,0.0,0.0,0.0,0.0,0.0,0.0,0.0,0.0,0.0,0.0,0.0,0.0,0.0,0.0,0.0,0.0,0.0,0.0,0.0,0.0,0.0,0.0,0.0,0.0,0.0,0.0,0.0,0.0,0.0,0.0,0.0,0.0,0.0,0.0,0.0,0.0,0.0,0.0,0.0,,0.0,,0.0,0.0,0.0,0.0,0.0,0.0,0.0,0.0,0.0,4491.0,-6.61,4717.7,LOW,0,18,,,73,154,363.0,0,0,LOW,0.998,0.001,0.001,1
K.G.F.,Karnataka,2013,12,31.0,0,23,0,23.0,12,7.0,5.0,3,0.0,15,67.0,62,30,32.0,50,0,29,0.0,0,151.0,6,13,0.0,15,0.0,0,333,822.0,,0.0,0.0,0.0,0.0,0.0,0.0,0.0,0.0,0.0,0.0,0.0,0.0,0.0,0.0,0.0,0.0,0.0,0.0,0.0,0.0,0.0,0.0,0.0,0.0,0.0,0.0,0.0,0.0,0.0,0.0,0.0,0.0,0.0,0.0,0.0,0.0,0.0,0.0,0.0,0.0,0.0,0.0,0.0,0.0,0.0,0.0,0.0,0.0,0.0,0.0,0.0,0.0,0.0,0.0,0.0,0.0,0.0,0.0,,0.0,,0.0,0.0,0.0,0.0,0.0,0.0,0.0,0.0,0.0,1741.0,-17.72,1967.3,LOW,0,19,,,65,57,188.0,0,0,LOW,0.998,0.001,0.001,1
KODAGU,Karnataka,2013,30,33.0,1,26,0,26.0,23,17.0,6.0,3,0.0,17,107.0,128,25,103.0,48,3,54,0.0,2,462.0,2,40,2.0,41,0.0,3,682,1707.0,,0.0,0.0,0.0,0.0,0.0,0.0,0.0,0.0,0.0,0.0,0.0,0.0,0.0,0.0,0.0,0.0,0.0,0.0,0.0,0.0,0.0,0.0,0.0,0.0,0.0,0.0,0.0,0.0,0.0,0.0,0.0,0.0,0.0,0.0,0.0,0.0,0.0,0.0,0.0,0.0,0.0,0.0,0.0,0.0,0.0,0.0,0.0,0.0,0.0,0.0,0.0,0.0,0.0,0.0,0.0,0.0,0.0,0.0,,0.0,,0.0,0.0,0.0,0.0,0.0,0.0,0.0,0.0,0.0,3591.0,11.73,3584.3,LOW,0,20,12.3375,75.8069,99,109,317.0,0,0,LOW,0.998,0.001,0.001,0
KOLAR,Karnataka,2013,45,43.0,0,20,0,20.0,10,9.0,1.0,5,0.0,50,99.0,187,71,116.0,251,2,75,0.0,8,327.0,3,25,0.0,25,0.0,14,1086,2275.0,,0.0,0.0,0.0,0.0,0.0,0.0,0.0,0.0,0.0,0.0,0.0,0.0,0.0,0.0,0.0,0.0,0.0,0.0,0.0,0.0,0.0,0.0,0.0,0.0,0.0,0.0,0.0,0.0,0.0,0.0,0.0,0.0,0.0,0.0,0.0,0.0,0.0,0.0,0.0,0.0,0.0,0.0,0.0,0.0,0.0,0.0,0.0,0.0,0.0,0.0,0.0,0.0,0.0,0.0,0.0,0.0,0.0,0.0,,0.0,,0.0,0.0,0.0,0.0,0.0,0.0,0.0,0.0,0.0,4767.0,2.69,4587.3,LOW,0,21,13.1369,78.1294,130,73,434.0,0,0,LOW,0.998,0.001,0.001,0
KOPPAL,Karnataka,2013,22,14.0,0,22,0,22.0,14,0.0,14.0,3,0.0,7,49.0,84,53,31.0,138,3,54,0.0,0,206.0,0,39,0.0,59,0.0,0,1018,1732.0,,0.0,0.0,0.0,0.0,0.0,0.0,0.0,0.0,0.0,0.0,0.0,0.0,0.0,0.0,0.0,0.0,0.0,0.0,0.0,0.0,0.0,0.0,0.0,0.0,0.0,0.0,0.0,0.0,0.0,0.0,0.0,0.0,0.0,0.0,0.0,0.0,0.0,0.0,0.0,0.0,0.0,0.0,0.0,0.0,0.0,0.0,0.0,0.0,0.0,0.0,0.0,0.0,0.0,0.0,0.0,0.0,0.0,0.0,,0.0,,0.0,0.0,0.0,0.0,0.0,0.0,0.0,0.0,0.0,3584.0,-8.85,3801.0,LOW,0,22,15.3508,76.1549,68,120,243.0,0,0,LOW,0.998,0.001,0.001,0
MANDYA,Karnataka,2013,50,76.0,3,31,0,31.0,74,64.0,10.0,9,3.0,67,221.0,559,213,346.0,305,12,120,1.0,25,1175.0,19,221,4.0,160,0.0,0,2409,5544.0,,0.0,0.0,0.0,0.0,0.0,0.0,0.0,0.0,0.0,0.0,0.0,0.0,0.0,0.0,0.0,0.0,0.0,0.0,0.0,0.0,0.0,0.0,0.0,0.0,0.0,0.0,0.0,0.0,0.0,0.0,0.0,0.0,0.0,0.0,0.0,0.0,0.0,0.0,0.0,0.0,0.0,0.0,0.0,0.0,0.0,0.0,0.0,0.0,0.0,0.0,0.0,0.0,0.0,0.0,0.0,0.0,0.0,0.0,,0.0,,0.0,0.0,0.0,0.0,0.0,0.0,0.0,0.0,0.0,11752.0,-5.43,12353.7,LOW,0,23,12.5218,76.8951,231,431,1125.0,0,0,LOW,0.998,0.001,0.001,0
MANGALORE CITY,Karnataka,2013,25,32.0,0,20,0,20.0,12,6.0,6.0,9,0.0,67,164.0,241,130,111.0,118,8,248,1.0,2,311.0,1,54,5.0,65,0.0,22,1467,2872.0,,0.0,0.0,0.0,0.0,0.0,0.0,0.0,0.0,0.0,0.0,0.0,0.0,0.0,0.0,0.0,0.0,0.0,0.0,0.0,0.0,0.0,0.0,0.0,0.0,0.0,0.0,0.0,0.0,0.0,0.0,0.0,0.0,0.0,0.0,0.0,0.0,0.0,0.0,0.0,0.0,0.0,0.0,0.0,0.0,0.0,0.0,0.0,0.0,0.0,0.0,0.0,0.0,0.0,0.0,0.0,0.0,0.0,0.0,,0.0,,0.0,0.0,0.0,0.0,0.0,0.0,0.0,0.0,0.0,6017.0,6.85,5713.3,LOW,0,24,,,133,140,791.0,0,0,LOW,0.998,0.001,0.001,1
MYSORE COMMR.,Karnataka,2013,30,28.0,2,19,0,19.0,22,16.0,6.0,11,2.0,151,125.0,580,424,156.0,71,17,236,8.0,0,341.0,12,11,1.0,43,0.0,0,1206,2916.0,,0.0,0.0,0.0,0.0,0.0,0.0,0.0,0.0,0.0,0.0,0.0,0.0,0.0,0.0,0.0,0.0,0.0,0.0,0.0,0.0,0.0,0.0,0.0,0.0,0.0,0.0,0.0,0.0,0.0,0.0,0.0,0.0,0.0,0.0,0.0,0.0,0.0,0.0,0.0,0.0,0.0,0.0,0.0,0.0,0.0,0.0,0.0,0.0,0.0,0.0,0.0,0.0,0.0,0.0,0.0,0.0,0.0,0.0,,0.0,,0.0,0.0,0.0,0.0,0.0,0.0,0.0,0.0,0.0,6453.0,1.81,6587.0,LOW,0,25,,,233,85,1382.0,0,0,LOW,0.998,0.001,0.001,1
MYSORE RURAL,Karnataka,2013,66,45.0,2,26,0,26.0,55,6.0,49.0,8,2.0,34,220.0,341,143,198.0,258,6,98,2.0,16,869.0,14,69,0.0,64,0.0,0,1921,4116.0,,0.0,0.0,0.0,0.0,0.0,0.0,0.0,0.0,0.0,0.0,0.0,0.0,0.0,0.0,0.0,0.0,0.0,0.0,0.0,0.0,0.0,0.0,0.0,0.0,0.0,0.0,0.0,0.0,0.0,0.0,0.0,0.0,0.0,0.0,0.0,0.0,0.0,0.0,0.0,0.0,0.0,0.0,0.0,0.0,0.0,0.0,0.0,0.0,0.0,0.0,0.0,0.0,0.0,0.0,0.0,0.0,0.0,0.0,,0.0,,0.0,0.0,0.0,0.0,0.0,0.0,0.0,0.0,0.0,8654.0,-4.94,8979.7,LOW,0,26,,,189,173,808.0,0,0,LOW,0.998,0.001,0.001,1
RAICHUR,Karnataka,2013,47,46.0,0,43,0,43.0,24,12.0,12.0,8,0.0,13,67.0,156,78,78.0,294,8,108,2.0,4,639.0,3,156,0.0,162,0.0,8,1274,3062.0,,0.0,0.0,0.0,0.0,0.0,0.0,0.0,0.0,0.0,0.0,0.0,0.0,0.0,0.0,0.0,0.0,0.0,0.0,0.0,0.0,0.0,0.0,0.0,0.0,0.0,0.0,0.0,0.0,0.0,0.0,0.0,0.0,0.0,0.0,0.0,0.0,0.0,0.0,0.0,0.0,0.0,0.0,0.0,0.0,0.0,0.0,0.0,0.0,0.0,0.0,0.0,0.0,0.0,0.0,0.0,0.0,0.0,0.0,,0.0,,0.0,0.0,0.0,0.0,0.0,0.0,0.0,0.0,0.0,6347.0,1.31,6602.7,LOW,0,27,16.212,77.3439,135,364,417.0,0,0,LOW,0.998,0.001,0.001,0
RAILWAYS,Karnataka,2013,18,4.0,0,1,0,1.0,3,0.0,3.0,7,0.0,65,2.0,726,8,718.0,0,1,8,4.0,0,16.0,2,3,0.0,0,0.0,7,46,913.0,,0.0,0.0,0.0,0.0,0.0,0.0,0.0,0.0,0.0,0.0,0.0,0.0,0.0,0.0,0.0,0.0,0.0,0.0,0.0,0.0,0.0,0.0,0.0,0.0,0.0,0.0,0.0,0.0,0.0,0.0,0.0,0.0,0.0,0.0,0.0,0.0,0.0,0.0,0.0,0.0,0.0,0.0,0.0,0.0,0.0,0.0,0.0,0.0,0.0,0.0,0.0,0.0,0.0,0.0,0.0,0.0,0.0,0.0,,0.0,,0.0,0.0,0.0,0.0,0.0,0.0,0.0,0.0,0.0,2556.0,43.11,2069.0,LOW,0,28,,,94,6,745.0,0,0,LOW,0.998,0.001,0.001,1
RAMANAGAR,Karnataka,2013,51,71.0,1,21,0,21.0,43,41.0,2.0,19,9.0,92,273.0,507,271,236.0,250,10,68,2.0,53,620.0,11,141,0.0,57,0.0,0,2064,4363.0,,0.0,0.0,0.0,0.0,0.0,0.0,0.0,0.0,0.0,0.0,0.0,0.0,0.0,0.0,0.0,0.0,0.0,0.0,0.0,0.0,0.0,0.0,0.0,0.0,0.0,0.0,0.0,0.0,0.0,0.0,0.0,0.0,0.0,0.0,0.0,0.0,0.0,0.0,0.0,0.0,0.0,0.0,0.0,0.0,0.0,0.0,0.0,0.0,0.0,0.0,0.0,0.0,0.0,0.0,0.0,0.0,0.0,0.0,,0.0,,0.0,0.0,0.0,0.0,0.0,0.0,0.0,0.0,0.0,9297.0,-6.41,9468.7,LOW,0,29,,,226,230,1129.0,0,0,LOW,0.998,0.001,0.001,1
SHIMOGA,Karnataka,2013,44,65.0,2,43,0,43.0,67,51.0,16.0,10,7.0,66,191.0,340,147,193.0,330,14,217,1.0,15,1367.0,5,267,4.0,300,0.0,8,2580,5943.0,,0.0,0.0,0.0,0.0,0.0,0.0,0.0,0.0,0.0,0.0,0.0,0.0,0.0,0.0,0.0,0.0,0.0,0.0,0.0,0.0,0.0,0.0,0.0,0.0,0.0,0.0,0.0,0.0,0.0,0.0,0.0,0.0,0.0,0.0,0.0,0.0,0.0,0.0,0.0,0.0,0.0,0.0,0.0,0.0,0.0,0.0,0.0,0.0,0.0,0.0,0.0,0.0,0.0,0.0,0.0,0.0,0.0,0.0,,0.0,,0.0,0.0,0.0,0.0,0.0,0.0,0.0,0.0,0.0,12336.0,18.1,11394.0,LOW,0,30,13.9299,75.5681,230,615,909.0,0,0,LOW,0.998,0.001,0.001,0
TOTAL,KARNATAKA,2012,1860,1923.0,71,621,0,621.0,1451,1070.0,381.0,211,536.0,2207,5792.0,18418,8886,9532.0,7502,401,5822,84.0,416,20350.0,218,2978,100.0,3684,32.0,876,58468,134021.0,,0.0,0.0,0.0,0.0,0.0,0.0,0.0,0.0,0.0,0.0,0.0,0.0,0.0,0.0,0.0,0.0,0.0,0.0,0.0,0.0,0.0,0.0,0.0,0.0,0.0,0.0,0.0,0.0,0.0,0.0,0.0,0.0,0.0,0.0,0.0,0.0,0.0,0.0,0.0,0.0,0.0,0.0,0.0,0.0,0.0,0.0,0.0,0.0,0.0,0.0,0.0,0.0,0.0,0.0,0.0,0.0,0.0,0.0,,0.0,,0.0,0.0,0.0,0.0,0.0,0.0,0.0,0.0,0.0,288532.0,-2.87,297431.3,HIGH,2,31,,,6350,7501,39319.0,0,2,HIGH,0.018,0.027,0.956,-1
TUMKUR,Karnataka,2013,58,49.0,2,37,0,37.0,41,16.0,25.0,10,7.0,90,210.0,421,198,223.0,201,26,157,0.0,18,741.0,14,206,0.0,87,0.0,32,2422,4829.0,,0.0,0.0,0.0,0.0,0.0,0.0,0.0,0.0,0.0,0.0,0.0,0.0,0.0,0.0,0.0,0.0,0.0,0.0,0.0,0.0,0.0,0.0,0.0,0.0,0.0,0.0,0.0,0.0,0.0,0.0,0.0,0.0,0.0,0.0,0.0,0.0,0.0,0.0,0.0,0.0,0.0,0.0,0.0,0.0,0.0,0.0,0.0,0.0,0.0,0.0,0.0,0.0,0.0,0.0,0.0,0.0,0.0,0.0,,0.0,,0.0,0.0,0.0,0.0,0.0,0.0,0.0,0.0,0.0,10157.0,-13.0,11200.0,LOW,0,32,13.3379,77.1173,236,344,1012.0,0,0,LOW,0.998,0.001,0.001,0
UDUPI,Karnataka,2013,20,26.0,0,22,0,22.0,23,11.0,12.0,7,3.0,41,110.0,120,45,75.0,128,6,146,0.0,7,332.0,2,67,0.0,78,0.0,5,1524,2667.0,,0.0,0.0,0.0,0.0,0.0,0.0,0.0,0.0,0.0,0.0,0.0,0.0,0.0,0.0,0.0,0.0,0.0,0.0,0.0,0.0,0.0,0.0,0.0,0.0,0.0,0.0,0.0,0.0,0.0,0.0,0.0,0.0,0.0,0.0,0.0,0.0,0.0,0.0,0.0,0.0,0.0,0.0,0.0,0.0,0.0,0.0,0.0,0.0,0.0,0.0,0.0,0.0,0.0,0.0,0.0,0.0,0.0,0.0,,0.0,,0.0,0.0,0.0,0.0,0.0,0.0,0.0,0.0,0.0,5499.0,9.11,5294.7,LOW,0,33,13.3409,74.7421,113,169,427.0,0,0,LOW,0.998,0.001,0.001,0
UTTAR KANNADA,Karnataka,2013,18,24.0,0,17,0,17.0,51,38.0,13.0,4,1.0,35,67.0,99,38,61.0,128,7,138,0.0,11,482.0,6,155,13.0,94,0.0,0,1627,2977.0,,0.0,0.0,0.0,0.0,0.0,0.0,0.0,0.0,0.0,0.0,0.0,0.0,0.0,0.0,0.0,0.0,0.0,0.0,0.0,0.0,0.0,0.0,0.0,0.0,0.0,0.0,0.0,0.0,0.0,0.0,0.0,0.0,0.0,0.0,0.0,0.0,0.0,0.0,0.0,0.0,0.0,0.0,0.0,0.0,0.0,0.0,0.0,0.0,0.0,0.0,0.0,0.0,0.0,0.0,0.0,0.0,0.0,0.0,,0.0,,0.0,0.0,0.0,0.0,0.0,0.0,0.0,0.0,0.0,6121.0,6.43,5973.7,LOW,0,34,,,125,272,349.0,0,0,LOW,0.998,0.001,0.001,1
YADGIRI,Karnataka,2013,33,31.0,1,16,0,16.0,29,23.0,6.0,1,0.0,8,46.0,54,29,25.0,204,0,30,0.0,2,558.0,3,123,0.0,61,0.0,131,158,1489.0,,0.0,0.0,0.0,0.0,0.0,0.0,0.0,0.0,0.0,0.0,0.0,0.0,0.0,0.0,0.0,0.0,0.0,0.0,0.0,0.0,0.0,0.0,0.0,0.0,0.0,0.0,0.0,0.0,0.0,0.0,0.0,0.0,0.0,0.0,0.0,0.0,0.0,0.0,0.0,0.0,0.0,0.0,0.0,0.0,0.0,0.0,0.0,0.0,0.0,0.0,0.0,0.0,0.0,0.0,0.0,0.0,0.0,0.0,,0.0,,0.0,0.0,0.0,0.0,0.0,0.0,0.0,0.0,0.0,3077.0,0.26,3145.3,LOW,0,35,,,87,203,159.0,0,0,LOW,0.998,0.001,0.001,1
ZZ TOTAL,Karnataka,2013,1601,1984.0,92,1030,1,1029.0,1836,1359.0,477.0,280,512.0,2150,6003.0,19756,9559,10197.0,7237,477,6598,66.0,332,21118.0,277,3913,137.0,3276,0.0,897,57117,136689.0,,0.0,0.0,0.0,0.0,0.0,0.0,0.0,0.0,0.0,0.0,0.0,0.0,0.0,0.0,0.0,0.0,0.0,0.0,0.0,0.0,0.0,0.0,0.0,0.0,0.0,0.0,0.0,0.0,0.0,0.0,0.0,0.0,0.0,0.0,0.0,0.0,0.0,0.0,0.0,0.0,0.0,0.0,0.0,0.0,0.0,0.0,0.0,0.0,0.0,0.0,0.0,0.0,0.0,0.0,0.0,0.0,0.0,0.0,,0.0,,0.0,0.0,0.0,0.0,0.0,0.0,0.0,0.0,0.0,296000.0,0.0,296000.0,HIGH,2,36,,,6897,8496,42393.0,0,2,HIGH,0.018,0.027,0.956,-1
