Area_Name,Year,complaints_received,complaints_cases_registered,disciplinary_actions,dismissals,convictions_police,false_complaints,dept_enquiries,mag_enquiries,rape_victims_total,rape_upto_10,rape_10_14,rape_14_18,rape_18_30,rape_30_50,rape_above_50,property_stolen_value,property_recovered_value,murder_total,murder_above_50,auto_theft_stolen,auto_theft_recovered,fraud_1_10cr,fraud_10_25cr,fraud_25_50cr,fraud_50_100cr,fraud_above_100cr,trial_total,trial_confession,trial_regular,housing_available,sanctioned_strength,women_cases_reported,women_chargesheeted,women_convicted,women_acquitted,women_pending_investigation,women_pending_trial,women_false_cases,women_arrests_persons,women_arrests_convicted,women_arrests_chargesheeted,fraud_total,rape_below_18,custodial_deaths_total,property_recovery_rate
Andaman & Nicobar Islands,2001,10,10,73,2,0,0,4,0,6,0,0,6,0,0,0,6368954,2384358,26.0,0.0,8.0,8.0,0.0,0.0,0.0,0.0,0.0,54.0,0.0,54.0,0.0,423.0,73,79,0,7918,12,334,0,68,0,94,0.0,6,0,37.437199263803755
Andaman & Nicobar Islands,2002,13,13,92,3,2,0,0,0,4,0,0,2,2,0,0,3685442,1333518,34.0,4.0,4.0,2.0,0.0,0.0,0.0,0.0,0.0,48.0,0.0,48.0,4.0,449.0,59,46,8,7918,8,344,0,60,8,86,0.0,2,0,36.18339401352674
Andaman & Nicobar Islands,2003,9,9,40,0,0,1,0,0,4,2,0,2,0,0,0,6367300,2003574,42.0,4.0,10.0,4.0,0.0,0.0,0.0,0.0,0.0,38.0,0.0,38.0,4.0,445.0,49,36,6,7912,14,352,0,72,6,48,0.0,4,0,31.466618503918458
Andaman & Nicobar Islands,2004,1,15,47,3,0,0,0,1,20,0,2,14,2,2,0,10166636,6140866,30.0,4.0,18.0,18.0,0.0,0.0,0.0,0.0,0.0,62.0,0.0,62.0,4.0,445.0,59,34,16,7910,26,350,0,88,24,76,0.0,16,0,60.40214285236532
Andaman & Nicobar Islands,2005,167,19,28,0,0,138,55,3,8,0,0,4,4,0,0,523406562,8404966,30.0,2.0,12.0,12.0,1.0,1.0,0.0,0.0,0.0,46.0,0.0,46.0,0.0,445.0,49,28,2,7902,32,364,0,64,4,46,2.0,4,0,1.6058197604331907
Andaman & Nicobar Islands,2006,14,14,9,2,0,0,0,0,12,4,4,2,2,0,0,14161540,4433418,10.0,4.0,12.0,12.0,0.0,0.0,0.0,0.0,0.0,16.0,0.0,16.0,4.0,446.0,77,78,2,7904,16,426,0,98,2,126,0.0,10,0,31.306044399126083
Andaman & Nicobar Islands,2007,20,20,13,4,0,0,0,0,6,0,0,6,0,0,0,20692912,5254832,30.0,6.0,16.0,14.0,0.0,0.0,0.0,0.0,0.0,70.0,0.0,70.0,0.0,450.0,115,72,6,7906,44,476,0,157,12,100,0.0,6,0,25.394357256243104
Andaman & Nicobar Islands,2008,15,15,26,0,0,0,0,0,24,0,2,14,6,2,0,25229356,7756110,16.0,4.0,22.0,14.0,0.0,0.0,0.0,0.0,0.0,67.0,0.0,67.0,0.0,450.0,85,54,0,7902,36,278,0,85,0,85,0.0,16,0,30.74240182745846
Andaman & Nicobar Islands,2009,15,15,33,1,0,0,0,0,36,4,6,14,10,2,0,20657180,12162370,36.0,0.0,20.0,18.0,0.0,0.0,0.0,0.0,0.0,62.0,0.0,62.0,11.0,584.0,189,128,3,7916,89,660,1,250,3,216,0.0,24,0,58.87720395523493
Andaman & Nicobar Islands,2010,24,24,16,4,0,0,0,0,48,4,2,24,16,2,0,16010952,3755182,20.0,0.0,44.0,24.0,0.0,0.0,0.0,0.0,0.0,34.0,0.0,34.0,11.0,663.0,172,135,0,7900,97,786,0,247,0,223,0.0,30,0,23.45383335107119
Andhra Pradesh,2001,3229,3078,1506,47,3,109,160,2969,1742,114,276,508,656,160,28,952076632,372206806,5566.0,564.0,6230.0,2960.0,4.0,0.0,0.0,0.0,0.0,18128.0,114.0,18014.0,4311.0,9062.0,30559,25037,7542,21006,8310,36162,5973,41025,7322,36656,4.0,898,0,39.09420665205445
Andhra Pradesh,2002,311,159,1850,26,0,67,165,2,2004,70,134,70,1418,296,16,1100021962,433213162,5302.0,550.0,6900.0,3402.0,1.0,0.0,0.0,0.0,0.0,19664.0,4.0,19660.0,6492.0,9064.0,34493,27696,7568,19942,8376,39942,8513,48609,9849,42772,1.0,274,0,39.38222844318084
Andhra Pradesh,2003,941,140,1764,16,1,11,892,7,1892,66,270,430,858,254,14,1321368874,536982384,5828.0,562.0,9464.0,3944.0,4.0,2.0,3.0,0.0,0.0,17109.0,0.0,17109.0,0.0,7865.0,36056,27261,6244,21581,8915,42584,7788,56005,8546,54982,9.0,766,0,40.63834063038479
Andhra Pradesh,2004,646,649,1848,15,1,30,499,4,2032,110,290,326,1032,260,14,1552092256,565291852,5280.0,570.0,9482.0,4338.0,3.0,0.0,0.0,0.0,0.0,18951.0,0.0,18951.0,6442.0,9094.0,36623,27047,5531,22571,11692,44232,6226,55001,9825,51393,3.0,726,0,36.42127907118428
Andhra Pradesh,2005,7453,6271,2334,33,2,663,633,0,1870,64,212,354,980,248,12,1671609136,768048798,5856.0,626.0,10930.0,5340.0,1.0,0.0,0.0,0.0,0.0,17950.0,0.0,17950.0,3719.0,9173.0,38751,32893,7765,23343,10801,47755,8121,57441,11626,56121,1.0,630,0,45.94667386407488
Andhra Pradesh,2006,5896,5461,2857,34,3,202,315,0,2098,92,256,476,1072,182,20,1992049442,872205516,5880.0,784.0,10940.0,4402.0,0.0,0.0,0.0,0.0,0.0,19106.0,0.0,19106.0,3719.0,9381.0,41354,29975,5617,21854,15495,51361,6608,57398,9709,51551,0.0,824,0,43.78433073048194
Andhra Pradesh,2007,327,200,2018,45,1,27,209,10,2140,104,220,402,1144,256,14,1892290994,926585812,5700.0,546.0,12618.0,5694.0,4.0,0.0,0.0,0.0,0.0,19469.0,6.0,19463.0,6902.0,9718.0,48081,39732,6747,26282,14797,56849,7927,66316,10905,64372,4.0,726,0,48.96634898850023
Andhra Pradesh,2008,722,129,2839,59,2,20,639,1,2514,98,252,474,1320,348,22,2416237964,1120641762,5524.0,606.0,15696.0,7622.0,2.0,0.0,0.0,0.0,0.0,17276.0,0.0,17276.0,7383.0,10213.0,23050,17900,1990,15289,7311,30516,3966,32282,3341,31882,2.0,824,0,46.379610729433935
Andhra Pradesh,2009,789,128,2946,62,2,21,706,3,2376,82,334,416,1284,232,28,2798976784,1275636266,4950.0,550.0,16514.0,8554.0,2.0,0.0,0.0,0.0,0.0,17820.0,4.0,17816.0,12802.0,15635.0,50083,39654,4326,29259,16723,67237,6722,69698,7236,65067,2.0,832,0,45.5750927729024
Andhra Pradesh,2010,2321,112,950,1,0,5,320,0,2724,60,266,566,1498,304,30,3066109132,1450159336,5076.0,936.0,14844.0,10906.0,18.0,3.0,3.0,15.0,0.0,19917.0,22.0,19895.0,14534.0,17367.0,53076,45368,5478,30185,14609,75057,6546,73389,7902,75252,39.0,892,0,47.29640314707493
Arunachal Pradesh,2001,54,24,107,4,0,5,44,0,66,0,0,2,56,8,0,116966112,19305700,166.0,12.0,72.0,54.0,0.0,0.0,0.0,0.0,0.0,149.0,0.0,149.0,231.0,685.0,361,276,72,7914,98,1367,0,436,80,338,0.0,2,0,16.505378925478862
Arunachal Pradesh,2002,54,40,47,3,0,0,42,8,76,0,0,6,60,10,0,78967020,29572176,122.0,0.0,102.0,42.0,0.0,0.0,0.0,0.0,0.0,48.0,0.0,48.0,280.0,719.0,319,256,22,7910,80,1565,0,414,28,284,0.0,6,0,37.448767852706105
Arunachal Pradesh,2003,15,6,1,0,0,0,9,0,62,6,10,8,38,0,0,88178448,34302200,154.0,0.0,100.0,24.0,0.0,0.0,0.0,0.0,0.0,61.0,0.0,61.0,148.0,719.0,279,200,8,7894,98,1751,0,320,4,174,0.0,24,0,38.900888797679904
Arunachal Pradesh,2004,45,25,152,0,0,0,1,3,84,4,18,0,62,0,0,55977494,12274566,134.0,6.0,150.0,62.0,0.0,0.0,0.0,0.0,0.0,86.0,0.0,86.0,218.0,719.0,297,200,22,7898,142,1913,0,324,34,236,0.0,22,0,21.92768043528351
Arunachal Pradesh,2005,0,0,35,0,0,0,0,0,70,6,10,4,50,0,0,206906586,21300302,162.0,4.0,238.0,66.0,0.0,0.0,0.0,0.0,0.0,195.0,0.0,195.0,218.0,719.0,301,244,76,7948,110,1995,0,258,90,210,0.0,20,0,10.294646686597012
Arunachal Pradesh,2006,28,8,6,0,0,0,24,0,74,0,0,0,68,6,0,93986492,22231368,120.0,0.0,148.0,44.0,0.0,0.0,0.0,0.0,0.0,139.0,0.0,139.0,366.0,745.0,337,216,32,7936,172,2113,0,282,44,228,0.0,0,0,23.65379058939661
Arunachal Pradesh,2007,40,16,6,0,0,0,38,0,96,2,0,0,84,10,0,197423898,39244340,136.0,2.0,232.0,126.0,0.0,0.0,0.0,0.0,0.0,109.0,0.0,109.0,16.0,745.0,371,256,32,7924,176,2295,0,406,40,310,0.0,2,0,19.878211502034066
Arunachal Pradesh,2008,137,0,137,0,0,0,137,0,84,8,14,0,62,0,0,176143036,48392772,144.0,4.0,120.0,74.0,0.0,0.0,0.0,0.0,0.0,86.0,0.0,86.0,16.0,849.0,176,122,18,7903,83,1224,0,180,25,139,0.0,22,0,27.47356529042681
Arunachal Pradesh,2009,97,0,97,0,0,0,97,0,118,8,24,0,84,2,0,492181188,337764670,118.0,0.0,218.0,68.0,0.0,0.0,0.0,0.0,0.0,88.0,0.0,88.0,80.0,849.0,329,294,50,7930,134,2645,0,364,50,316,0.0,32,0,68.62608288068093
Arunachal Pradesh,2010,177,0,176,0,0,0,177,0,94,4,20,0,68,2,0,389155128,82366144,150.0,0.0,278.0,92.0,0.0,0.0,0.0,0.0,0.0,120.0,0.0,120.0,114.0,911.0,381,234,22,7910,214,2821,0,394,24,276,0.0,24,0,21.165375469496574
Assam,2001,52,17,144,5,0,1,52,3,1634,16,146,490,740,238,4,243204430,49978686,2712.0,156.0,876.0,298.0,0.0,0.0,0.0,0.0,0.0,8420.0,364.0,8056.0,0.0,6545.0,8310,4168,594,10457,9692,13766,619,10790,806,6145,0.0,652,0,20.55007221702335
Assam,2002,115,17,124,2,0,7,106,2,1940,0,0,6,1242,692,0,279955496,59425952,2506.0,50.0,1360.0,340.0,0.0,0.0,0.0,0.0,0.0,7155.0,212.0,6943.0,0.0,6539.0,10113,5984,630,10626,11024,16066,817,13364,773,8324,0.0,6,0,21.2269281543235
Assam,2003,8,15,99,0,0,2,14,2,2190,0,10,0,1654,520,6,365167728,103882588,2382.0,118.0,1512.0,264.0,0.0,0.0,0.0,0.0,0.0,8600.0,224.0,8376.0,1.0,6539.0,10532,6568,673,11508,10917,17673,1534,14885,1032,9852,0.0,10,0,28.44791038051424
Assam,2004,7,14,21,2,0,0,13,0,2342,14,0,0,1714,586,28,410248698,69643412,2428.0,144.0,1788.0,332.0,0.0,0.0,0.0,0.0,0.0,10197.0,394.0,9803.0,0.0,6539.0,11367,7022,837,12192,11342,18957,1234,16106,1350,11078,0.0,14,0,16.97590079859315
Assam,2005,20,28,22,4,0,0,37,0,2476,38,68,74,1694,572,30,452417672,106319880,2388.0,152.0,1914.0,534.0,0.0,0.0,0.0,0.0,0.0,9395.0,312.0,9083.0,0.0,6539.0,11975,7697,1039,12203,11856,20502,1020,17329,1506,11735,0.0,180,0,23.50038174459286
Assam,2006,19,11,1,0,0,0,19,0,2488,16,42,64,1784,578,4,1034754898,363879434,2414.0,166.0,2810.0,906.0,0.0,0.0,0.0,0.0,0.0,10159.0,403.0,9756.0,0.0,6539.0,13572,7908,1359,12631,13458,21673,1202,16703,1873,10707,0.0,122,0,35.16576096458352
Assam,2007,31,18,0,2,0,0,22,2,2874,0,0,80,1796,970,28,442711758,115670310,2748.0,194.0,3602.0,1194.0,0.0,0.0,0.0,0.0,0.0,10838.0,547.0,10291.0,0.0,6546.0,13685,8261,1625,13442,14664,22228,1630,17467,1666,11424,0.0,80,0,26.127679671882582
Assam,2008,7,12,53,1,0,0,0,2,2876,4,10,40,1698,1082,42,686974026,153790650,2852.0,110.0,3756.0,596.0,0.0,0.0,0.0,0.0,0.0,7993.0,395.0,7598.0,0.0,6546.0,8126,4740,422,10072,8359,12931,675,8455,971,5703,0.0,54,0,22.386676086644357
Assam,2009,54,9,46,2,0,2,52,0,3262,2,12,6,2460,754,28,1050928190,289626038,2646.0,80.0,3418.0,654.0,0.0,0.0,0.0,0.0,0.0,6605.0,355.0,6250.0,0.0,6546.0,19415,10605,1242,12425,19993,30157,1478,23526,1781,12806,0.0,20,0,27.559070234855916
Assam,2010,19,9,0,0,0,1,7,1,3442,2,18,58,2232,1112,20,848468678,208790724,2446.0,92.0,1200.0,332.0,0.0,0.0,0.0,0.0,0.0,6958.0,467.0,6491.0,0.0,6546.0,23109,12565,1039,13238,24002,35939,1759,25838,1654,14924,0.0,78,0,24.60794716572908
Bihar,2001,125,1,1385,33,0,12,3,15,1776,2,30,396,1124,224,0,845412440,95426372,7286.0,478.0,2272.0,500.0,0.0,0.0,0.0,0.0,0.0,27263.0,34.0,27229.0,6840.0,8986.0,9936,7827,1404,11117,5709,27437,776,23357,2712,19692,0.0,428,0,11.287552380942017
Bihar,2002,127,16,1467,22,0,35,14,16,2080,0,4,4,1610,462,0,508478800,94543044,7662.0,322.0,2296.0,536.0,0.0,0.0,0.0,0.0,0.0,23677.0,29.0,23648.0,7383.0,12705.0,10845,7773,1054,11319,6431,30618,825,23359,2196,21274,0.0,8,0,18.593310871564363
Bihar,2003,101,4,686,8,0,16,22,7,1970,2,2,2,1372,592,0,550650642,82445850,7544.0,410.0,2680.0,586.0,0.0,0.0,0.0,0.0,0.0,30605.0,0.0,30605.0,761.0,12481.0,11246,7580,1179,12390,7816,32075,722,20781,2484,17389,0.0,6,0,14.972442363919008
Bihar,2004,207,157,911,11,0,39,22,0,2780,0,6,0,2036,726,12,764875772,121574510,7896.0,376.0,4166.0,624.0,0.0,0.0,0.0,0.0,0.0,30463.0,10.0,30453.0,761.0,12583.0,15128,7396,986,12844,13190,33349,830,22652,1697,16480,0.0,6,0,15.894673939286443
Bihar,2005,45,13,858,7,0,5,0,10,2294,0,12,4,1744,534,0,617707982,101866814,6942.0,378.0,4268.0,452.0,0.0,0.0,0.0,0.0,0.0,31807.0,18.0,31789.0,10265.0,12620.0,11445,7899,1174,13232,14947,34600,744,20499,1915,16978,0.0,16,0,16.49109562582923
Bihar,2006,58,10,1073,10,0,0,0,1,2464,0,0,34,1912,500,18,566290254,90870554,6498.0,222.0,4046.0,624.0,0.0,0.0,0.0,0.0,0.0,37383.0,920.0,36463.0,10332.0,12787.0,12830,8418,1534,14032,16343,34816,1088,21810,3026,18002,0.0,34,0,16.046639220458843
Bihar,2007,2011,7,306,53,0,27,27,0,3110,18,56,158,2372,506,0,655665226,106441976,6162.0,332.0,4786.0,646.0,0.0,0.0,0.0,0.0,0.0,38173.0,0.0,38173.0,13085.0,15587.0,14385,11158,1419,14136,15582,37800,1852,27560,2608,21729,0.0,232,0,16.234195711333943
Bihar,2008,36,27,816,10,0,2,73,0,2604,0,22,160,2056,318,48,928785292,110742834,6278.0,228.0,5350.0,782.0,73.0,0.0,0.0,0.0,0.0,31892.0,2.0,31890.0,13443.0,15980.0,7682,4819,762,10557,7487,18250,1060,11434,1335,10134,73.0,182,0,11.92340522119293
Bihar,2009,40,38,673,9,0,0,79,0,1858,24,38,64,1530,202,0,1015446390,144947142,6358.0,286.0,7348.0,828.0,0.0,0.0,0.0,0.0,0.0,30458.0,0.0,30458.0,13688.0,16381.0,16676,9911,1461,14378,18202,41640,1897,26615,3369,21857,0.0,126,0,14.274228893560792
Bihar,2010,35,37,643,5,0,1,2,0,1590,16,34,178,1232,130,0,1095849336,149925670,6724.0,450.0,8542.0,800.0,0.0,0.0,0.0,0.0,0.0,31055.0,0.0,31055.0,13455.0,16093.0,16298,9765,1598,14297,20246,42794,1754,23743,2881,22520,0.0,228,0,13.681230172319966
Chandigarh,2001,52,6,131,11,0,42,1,0,38,0,16,8,8,6,0,99054218,42229224,30.0,8.0,988.0,400.0,0.0,0.0,0.0,0.0,0.0,249.0,0.0,249.0,0.0,503.0,315,187,56,7980,84,509,60,339,84,386,0.0,24,0,42.63243388585431
Chandigarh,2002,125,6,135,4,0,123,13,0,36,2,8,2,18,6,0,142767102,46058124,62.0,6.0,1234.0,460.0,1.0,0.0,0.0,0.0,0.0,267.0,0.0,267.0,0.0,504.0,397,257,58,7982,94,617,50,382,74,293,1.0,12,0,32.26102046954767
Chandigarh,2003,238,4,130,16,0,179,0,0,36,6,2,10,14,4,0,127444718,55902922,42.0,2.0,1132.0,572.0,2.0,0.0,1.0,0.0,0.0,231.0,0.0,231.0,0.0,504.0,341,180,46,7952,122,687,64,398,48,301,3.0,18,0,43.864447956171865
Chandigarh,2004,309,0,109,2,0,33,0,0,38,10,10,6,10,2,0,150135172,72431744,44.0,4.0,1348.0,436.0,0.0,0.0,0.0,0.0,0.0,270.0,0.0,270.0,0.0,504.0,396,283,29,8005,96,828,101,614,133,467,0.0,26,0,48.24435409445563
Chandigarh,2005,192,0,112,3,0,168,192,0,66,14,8,20,10,14,0,137765648,47599432,36.0,2.0,1158.0,402.0,2.0,0.0,0.0,0.0,0.0,176.0,0.0,176.0,0.0,504.0,437,278,24,7980,145,990,56,585,34,482,2.0,42,0,34.55101666563497
Chandigarh,2006,207,2,96,4,0,171,207,0,38,6,4,12,8,8,0,122534562,58345278,28.0,10.0,1058.0,350.0,4.0,0.0,0.0,0.0,0.0,325.0,0.0,325.0,0.0,504.0,485,260,47,8021,190,1077,85,697,60,518,4.0,22,0,47.61536422678852
Chandigarh,2007,172,3,84,4,0,105,172,0,44,6,6,4,22,6,0,199544414,60850420,40.0,2.0,1706.0,444.0,1.0,0.0,0.0,0.0,0.0,324.0,0.0,324.0,0.0,504.0,498,249,55,8030,273,1128,73,559,78,437,1.0,16,0,30.49467473441777
Chandigarh,2008,234,0,75,3,0,141,3,0,40,4,6,14,14,2,0,238674576,84044422,34.0,4.0,2188.0,488.0,3.0,0.0,0.0,0.0,0.0,432.0,0.0,432.0,0.0,504.0,183,90,22,7953,127,545,22,181,39,135,3.0,24,0,35.21297634985638
Chandigarh,2009,12,0,46,3,0,12,12,0,58,6,16,20,16,0,0,216198456,53679290,44.0,2.0,2234.0,550.0,0.0,0.0,0.0,0.0,0.0,350.0,0.0,350.0,0.0,707.0,339,121,86,8029,321,1033,105,301,138,262,0.0,42,0,24.828711080156836
Chandigarh,2010,357,0,54,1,0,124,0,0,62,8,16,8,30,0,0,240875118,104407826,44.0,8.0,1796.0,512.0,2.0,1.0,0.0,0.0,0.0,458.0,0.0,458.0,0.0,708.0,319,175,88,8139,235,868,142,263,114,230,3.0,32,0,43.3452101100787
Chhattisgarh,2001,2618,137,131,0,4,2008,748,5,1918,50,382,436,768,274,8,224484912,74663946,3314.0,410.0,1884.0,830.0,0.0,0.0,0.0,0.0,0.0,4890.0,1770.0,3120.0,514.0,1482.0,7967,7986,1214,9974,377,29836,58,10571,2195,10803,0.0,868,0,33.260117722299306
Chhattisgarh,2002,2053,19,151,15,0,1731,725,0,1984,52,262,50,1304,294,22,346017386,81243732,1688.0,212.0,2252.0,642.0,26.0,0.0,0.0,0.0,0.0,11316.0,4945.0,6371.0,797.0,1482.0,7071,7016,3277,12247,239,26887,70,10140,4675,9988,26.0,364,0,23.479667579478217
Chhattisgarh,2003,1819,28,51,3,1,1225,597,0,1796,54,194,124,752,662,10,293861020,84835608,1594.0,190.0,2262.0,780.0,0.0,0.0,0.0,0.0,0.0,5202.0,0.0,5202.0,601.0,2959.0,6689,6185,1414,9752,549,27076,72,9686,2090,9680,0.0,372,0,28.869296104668802
Chhattisgarh,2004,1517,29,99,11,14,1204,583,95,1938,28,122,466,852,452,18,405599024,134802308,1854.0,246.0,2632.0,1004.0,0.0,0.0,0.0,0.0,0.0,6167.0,336.0,5831.0,616.0,2523.0,7540,7517,1842,11204,332,26456,106,12034,3202,12196,0.0,616,0,33.235363012116125
Chhattisgarh,2005,1006,40,69,4,30,727,284,4,1980,30,224,510,784,400,32,568114164,288040082,2100.0,246.0,3238.0,1284.0,0.0,0.0,0.0,0.0,0.0,6319.0,2450.0,3869.0,710.0,3576.0,7226,6823,2149,11560,496,26536,26,10947,3324,10835,0.0,764,0,50.701091479915995
Chhattisgarh,2006,1444,28,124,22,1,1331,355,1,1990,56,208,632,674,366,54,699812956,159290104,2196.0,282.0,4286.0,1468.0,0.0,0.0,0.0,0.0,0.0,5694.0,2410.0,3284.0,492.0,4721.0,7528,7309,1770,10283,519,28917,28,11413,2977,11250,0.0,896,0,22.761811228884994
Chhattisgarh,2007,1965,6,118,16,6,1620,548,2,1964,64,234,438,1000,202,26,689333776,284604472,2194.0,454.0,3866.0,1432.0,0.0,0.0,0.0,0.0,0.0,5782.0,2183.0,3599.0,325.0,4817.0,7553,7249,1151,10689,604,31321,81,11599,2030,11417,0.0,736,0,41.286889154260734
Chhattisgarh,2008,1516,413,143,24,9,1000,703,1,1956,48,160,614,776,352,6,767499152,263445684,2338.0,304.0,4236.0,1210.0,0.0,0.0,0.0,0.0,0.0,6895.0,2200.0,4695.0,459.0,5206.0,3982,3778,673,9479,355,16541,30,5987,1054,5856,0.0,822,0,34.325208479188
Chhattisgarh,2009,1828,68,272,21,13,1598,1261,0,1952,160,454,174,920,226,18,829476020,288093712,2166.0,322.0,4376.0,1378.0,0.0,0.0,0.0,0.0,0.0,7185.0,2317.0,4868.0,0.0,5200.0,8020,7828,1338,11614,639,34651,123,12599,1724,12450,0.0,788,0,34.73201214424499
Chhattisgarh,2010,1863,29,362,23,17,1272,1104,0,2024,48,174,542,848,380,32,945928432,273408784,2130.0,290.0,4278.0,1206.0,0.0,0.0,0.0,0.0,0.0,8072.0,2417.0,5655.0,0.0,5200.0,8374,7817,1713,12463,901,35375,85,13089,2668,12896,0.0,764,0,28.90374945406018
Dadra & Nagar Haveli,2001,0,0,0,0,0,0,0,0,12,0,0,6,6,0,0,23209094,10628872,6.0,0.0,30.0,10.0,0.0,0.0,0.0,0.0,0.0,71.0,0.0,71.0,17.0,18.0,38,40,4,7898,14,126,0,48,4,50,0.0,6,0,45.79615214622337
Dadra & Nagar Haveli,2002,0,0,0,0,1,0,0,0,8,2,2,2,2,0,0,29862780,12167302,22.0,2.0,74.0,40.0,0.0,0.0,0.0,0.0,0.0,138.0,0.0,138.0,16.0,16.0,30,32,4,7930,8,114,2,38,4,50,0.0,6,0,40.74403655654296
Dadra & Nagar Haveli,2003,0,1,0,0,0,0,0,0,2,0,0,0,2,0,0,148233812,13818284,22.0,4.0,30.0,18.0,3.0,0.0,0.0,0.0,0.0,64.0,0.0,64.0,1.0,16.0,24,14,4,7904,14,110,2,40,10,28,3.0,0,0,9.321951458686092
Dadra & Nagar Haveli,2004,1,1,0,0,0,0,1,0,14,0,0,0,12,2,0,1237503284,14482892,22.0,2.0,48.0,28.0,5.0,0.0,0.0,1.0,0.0,81.0,0.0,81.0,20.0,19.0,44,36,0,7926,22,108,0,64,0,58,6.0,0,0,1.170331601317997
Dadra & Nagar Haveli,2005,0,0,0,0,0,0,0,0,10,0,0,0,10,0,0,48997050,31921250,14.0,4.0,44.0,16.0,0.0,0.0,0.0,0.0,0.0,89.0,0.0,89.0,20.0,19.0,50,36,0,7938,26,98,8,70,0,66,0.0,0,0,65.14933041887215
Dadra & Nagar Haveli,2006,0,0,0,0,0,0,0,0,12,4,2,4,2,0,0,140977120,19887820,18.0,2.0,30.0,16.0,0.0,0.0,0.0,0.0,0.0,67.0,0.0,67.0,20.0,19.0,66,44,4,7908,34,120,8,50,6,62,0.0,10,0,14.10712603577091
Dadra & Nagar Haveli,2007,0,0,0,0,0,0,0,0,14,2,4,8,0,0,0,136953246,77849620,20.0,0.0,38.0,8.0,0.0,0.0,0.0,0.0,0.0,86.0,0.0,86.0,20.0,20.0,36,28,2,7914,30,122,2,36,2,34,0.0,14,0,56.84393928129312
Dadra & Nagar Haveli,2008,0,0,0,0,0,0,0,0,12,0,2,4,6,0,0,75710080,15656160,18.0,6.0,38.0,8.0,0.0,0.0,0.0,0.0,0.0,69.0,0.0,69.0,20.0,20.0,27,22,0,7904,17,70,0,42,0,34,0.0,6,0,20.679095835059215
Dadra & Nagar Haveli,2009,0,0,0,0,0,0,0,0,8,0,4,0,4,0,0,106097246,20356816,20.0,2.0,46.0,10.0,0.0,0.0,0.0,0.0,0.0,38.0,0.0,38.0,17.0,19.0,45,34,6,7898,38,163,2,39,8,59,0.0,4,0,19.18694100693245
Dadra & Nagar Haveli,2010,0,0,0,0,0,0,0,0,6,2,2,2,0,0,0,59511856,8375182,12.0,0.0,68.0,20.0,0.0,0.0,0.0,0.0,0.0,50.0,0.0,50.0,17.0,30.0,66,33,12,7898,58,175,6,84,16,54,0.0,6,0,14.073131915092683
Daman & Diu,2001,0,0,0,0,0,0,0,0,0,0,0,0,0,0,0,28302316,4646988,0.0,0.0,0.0,0.0,0.0,0.0,0.0,0.0,0.0,0.0,0.0,0.0,0.0,0.0,17,13,0,7902,4,21,0,57,0,65,0.0,0,0,16.419108598745062
Daman & Diu,2002,0,0,0,0,0,0,0,0,0,0,0,0,0,0,0,32823954,10695272,16.0,0.0,72.0,38.0,0.0,0.0,0.0,0.0,0.0,40.0,0.0,40.0,0.0,27.0,16,7,0,7898,4,20,0,18,0,14,0.0,0,0,32.58374052071849
Daman & Diu,2003,0,0,0,0,0,0,0,0,10,4,0,6,0,0,0,36348450,15517358,12.0,6.0,54.0,18.0,0.0,0.0,0.0,0.0,0.0,30.0,0.0,30.0,1.0,27.0,20,10,0,7894,8,26,0,20,5,16,0.0,10,0,42.69056314643403
Daman & Diu,2004,0,0,6,0,0,0,0,0,2,0,0,2,0,0,0,9945650,1607200,6.0,0.0,24.0,10.0,0.0,0.0,0.0,0.0,0.0,39.0,0.0,39.0,1.0,25.0,16,15,0,7896,6,36,0,25,0,29,0.0,2,0,16.15982866881501
Daman & Diu,2005,0,0,0,0,0,0,0,0,4,0,2,0,0,2,0,16971192,2313686,10.0,0.0,54.0,14.0,0.0,0.0,0.0,0.0,0.0,48.0,0.0,48.0,0.0,28.0,23,15,0,7898,8,45,0,30,0,32,0.0,2,0,13.633020002366363
Daman & Diu,2006,1,0,0,0,0,0,1,0,6,2,0,0,4,0,0,38602160,6067680,14.0,0.0,66.0,14.0,0.0,0.0,0.0,0.0,0.0,45.0,0.0,45.0,0.0,27.0,22,17,2,7900,8,50,0,51,6,47,0.0,2,0,15.718498653961333
Daman & Diu,2007,0,0,1,0,0,0,0,0,2,0,0,0,2,0,0,64208530,12245500,24.0,8.0,56.0,14.0,1.0,0.0,0.0,0.0,0.0,37.0,0.0,37.0,0.0,27.0,23,14,2,7896,11,56,0,86,2,60,1.0,0,0,19.071453590356295
Daman & Diu,2008,0,0,0,0,0,0,0,0,0,0,0,0,0,0,0,93195010,8460800,4.0,0.0,66.0,28.0,0.0,0.0,0.0,0.0,0.0,71.0,0.0,71.0,0.0,27.0,13,5,0,7899,6,26,0,21,0,21,0.0,0,0,9.078597663115225
Daman & Diu,2009,0,0,0,0,0,0,0,0,2,2,0,0,0,0,0,26824184,9042680,10.0,0.0,62.0,10.0,0.0,0.0,0.0,0.0,0.0,67.0,0.0,67.0,0.0,27.0,31,12,0,7899,23,59,0,49,0,23,0.0,2,0,33.71092294923119
Daman & Diu,2010,0,0,0,0,0,0,0,0,2,2,0,0,0,0,0,28032804,10938170,10.0,0.0,56.0,22.0,0.0,0.0,0.0,0.0,0.0,56.0,0.0,56.0,0.0,27.0,32,17,0,7901,26,65,0,60,0,49,0.0,2,0,39.019179101740946
Delhi,2001,6572,184,99,103,0,368,428,0,766,96,162,308,118,82,0,4255106786,436509188,1148.0,84.0,15962.0,4100.0,5.0,0.0,0.0,0.0,0.0,6300.0,1205.0,5095.0,0.0,11226.0,5101,3128,1581,10237,2686,8533,444,6089,1684,5688,5.0,566,0,10.258477870313076
Delhi,2002,9626,92,58,79,0,366,475,0,814,70,108,104,434,98,0,3937816482,200753774,1082.0,80.0,15208.0,3412.0,0.0,0.0,0.0,0.0,0.0,3846.0,0.0,3846.0,0.0,11246.0,5027,2926,496,9029,2930,9823,358,5945,814,5256,0.0,282,0,5.098098779302128
Delhi,2003,9797,108,77,77,0,352,578,0,980,52,100,152,642,34,0,3876326264,153250796,1004.0,96.0,15376.0,2854.0,31.0,0.0,0.0,0.0,0.0,3702.0,0.0,3702.0,0.0,11246.0,7178,3367,603,9644,4695,10837,500,9359,1219,8583,31.0,304,0,3.953506117977277
Delhi,2004,10179,123,96,85,0,2939,591,0,1102,120,252,154,564,12,0,4588713912,231165094,1020.0,96.0,17848.0,4242.0,11.0,0.0,0.0,0.0,0.0,5209.0,0.0,5209.0,0.0,11246.0,7884,4276,1226,10399,6256,11372,636,9890,1417,8846,11.0,526,0,5.037688085009559
Delhi,2005,6665,86,211,87,0,1583,612,0,1332,120,240,110,808,50,4,4119583280,190325934,1066.0,80.0,17766.0,4498.0,4.0,0.0,0.0,0.0,0.0,5972.0,0.0,5972.0,0.0,11607.0,9016,4980,844,10752,8565,12679,453,11190,1458,10127,4.0,470,0,4.620028800582956
Delhi,2006,5360,113,1374,182,0,113,579,0,1252,140,222,534,310,42,4,5097249186,270473372,976.0,56.0,18804.0,4120.0,1.0,0.0,0.0,0.0,0.0,5945.0,0.0,5945.0,0.0,11223.0,9370,5611,1034,10337,10737,14845,431,12013,1731,10691,1.0,896,0,5.306261517346977
Delhi,2007,5786,87,1386,91,0,288,513,0,1204,152,188,456,358,48,2,3699220650,201589428,1022.0,82.0,17748.0,3564.0,5.0,0.0,6.0,0.0,0.0,6065.0,0.0,6065.0,0.0,12339.0,9975,5066,1211,10377,13841,16140,524,11056,1920,9231,11.0,796,0,5.449510777357927
Delhi,2008,6031,93,1185,87,0,70,539,0,940,142,190,270,266,60,12,7170771296,201026144,1178.0,86.0,22054.0,2680.0,40.0,4.0,0.0,0.0,0.0,3609.0,0.0,3609.0,0.0,13022.0,4274,2723,439,8773,6847,9239,385,2936,732,3921,44.0,602,0,2.803410340420931
Delhi,2009,6155,69,1461,58,0,364,416,0,938,94,144,376,282,40,2,15571434024,489158950,1142.0,82.0,26502.0,3772.0,54.0,6.0,5.0,4.0,5.0,3589.0,36.0,3553.0,0.0,13890.0,8888,5099,1213,9518,14429,21188,865,5427,1518,6566,74.0,614,0,3.1413866522894884
Delhi,2010,6614,58,1303,35,0,241,294,0,1014,102,158,348,336,68,2,8390763954,403645558,1154.0,78.0,30062.0,3848.0,49.0,23.0,12.0,0.0,0.0,5077.0,87.0,4990.0,0.0,13911.0,9406,4812,1138,10200,15637,22546,1227,5978,1908,5594,84.0,608,0,4.810593650505163
Goa,2001,8,2,168,0,0,0,7,0,24,6,14,2,0,2,0,479783566,19043052,74.0,6.0,356.0,172.0,4.0,0.0,0.0,0.0,0.0,1091.0,0.0,1091.0,8.0,388.0,200,134,114,8064,44,364,66,271,193,281,4.0,22,0,3.969092180201937
Goa,2002,8,2,108,0,0,5,6,0,24,2,6,6,8,2,0,140135138,19694316,62.0,20.0,302.0,82.0,1.0,0.0,0.0,0.0,0.0,485.0,0.0,485.0,13.0,388.0,151,101,62,7950,58,333,28,201,119,189,1.0,14,0,14.053802837087156
Goa,2003,1,1,20,0,0,0,0,0,64,12,18,16,14,4,0,550808412,17133860,68.0,12.0,268.0,86.0,7.0,0.0,0.0,0.0,0.0,307.0,0.0,307.0,13.0,384.0,232,128,46,7953,125,338,24,317,98,226,7.0,46,0,3.1106750780705217
Goa,2004,119,2,227,0,0,46,1,0,74,16,14,10,24,10,0,190000748,18908512,84.0,16.0,250.0,88.0,2.0,0.0,0.0,0.0,0.0,353.0,0.0,353.0,14.0,384.0,250,183,39,7960,128,395,19,383,66,313,2.0,40,0,9.951809242350983
Goa,2005,20,3,205,0,0,18,2,0,40,8,8,14,8,2,0,195511334,28073590,98.0,10.0,390.0,122.0,1.0,0.0,0.0,0.0,0.0,276.0,0.0,276.0,9.0,383.0,224,158,58,7942,136,430,38,348,116,295,1.0,30,0,14.359060124872352
Goa,2006,66,1,103,0,0,56,2,0,42,2,8,18,10,2,2,257929422,36089238,80.0,22.0,456.0,140.0,0.0,0.0,0.0,0.0,0.0,192.0,0.0,192.0,8.0,383.0,186,142,33,7944,116,475,27,256,69,258,0.0,28,0,13.991904343506805
Goa,2007,35,11,69,9,0,25,4,0,40,8,8,14,8,2,0,258678714,34294548,68.0,16.0,440.0,130.0,1.0,0.0,0.0,0.0,0.0,179.0,0.0,179.0,8.0,501.0,167,89,17,7942,157,485,5,263,22,154,1.0,30,0,13.25758407783023
Goa,2008,64,11,167,5,1,54,2,0,60,2,12,22,14,6,4,233072420,48828712,106.0,22.0,506.0,154.0,0.0,0.0,0.0,0.0,0.0,218.0,0.0,218.0,7.0,561.0,137,77,11,7935,100,257,11,134,10,110,0.0,36,0,20.950017166338256
Goa,2009,31,9,139,0,0,12,2,0,100,2,22,42,30,4,0,1313161934,53513924,114.0,12.0,692.0,168.0,4.0,0.0,1.0,0.0,0.0,361.0,0.0,361.0,7.0,561.0,324,177,30,8020,276,543,16,403,37,278,5.0,66,0,4.07519610601201
Goa,2010,15,8,257,0,1,7,1,0,72,8,10,28,22,0,4,462531676,46467584,70.0,4.0,744.0,284.0,1.0,0.0,0.0,0.0,0.0,382.0,3.0,379.0,7.0,584.0,290,242,26,8019,242,633,16,384,32,398,1.0,46,0,10.046357127765667
Gujarat,2001,2358,417,3429,67,18,548,555,2,572,30,46,174,250,72,0,2299633752,455386512,2560.0,226.0,11074.0,3180.0,18.0,1.0,1.0,1.0,0.0,6207.0,76.0,6131.0,535.0,11862.0,11745,10768,286,12588,692,57984,518,26538,493,27056,21.0,250,0,19.802566891529953
Gujarat,2002,2362,244,1074,49,21,475,611,7,536,32,32,86,352,34,0,10830561240,399420786,4654.0,512.0,12512.0,3256.0,13.0,2.0,0.0,3.0,2.0,6600.0,80.0,6520.0,521.0,12018.0,10938,9657,392,12638,777,61614,458,24692,572,24617,20.0,150,0,3.6879047830396647
Gujarat,2003,2196,242,2255,59,22,295,479,3,472,34,34,92,286,26,0,6483859882,617246466,2328.0,230.0,14488.0,4572.0,13.0,1.0,1.0,0.0,0.0,8829.0,90.0,8739.0,538.0,12023.0,11693,10255,310,12804,816,65958,520,27407,808,27170,15.0,160,0,9.51973789121435
Gujarat,2004,4413,249,1806,45,8,421,544,0,678,24,54,114,388,94,4,13150710710,577846936,2338.0,208.0,13872.0,4302.0,36.0,1.0,1.0,0.0,0.0,8994.0,79.0,8915.0,742.0,12023.0,12784,11467,430,12996,928,71086,378,30942,594,30934,38.0,192,0,4.394035795803769
Gujarat,2005,4214,267,1191,62,31,410,518,0,648,36,56,88,436,32,0,7561101200,708715256,2206.0,230.0,14196.0,3552.0,22.0,1.0,0.0,0.0,0.0,7336.0,109.0,7227.0,672.0,12023.0,13047,11612,690,13407,1185,75831,262,32755,1110,32372,23.0,180,0,9.373175113699046
Gujarat,2006,893,232,1256,51,3,253,639,1,708,40,60,124,426,56,2,5177639312,623979024,2428.0,192.0,14382.0,3294.0,38.0,0.0,0.0,0.0,0.0,7889.0,177.0,7712.0,396.0,13845.0,14940,13113,541,13147,1833,82423,280,35997,1013,34778,38.0,224,0,12.051419312925674
Gujarat,2007,686,226,1234,47,5,208,540,2,634,36,60,102,360,74,2,3386120296,805104974,2428.0,254.0,16038.0,3782.0,17.0,1.0,0.0,0.0,0.0,6616.0,210.0,6406.0,392.0,14070.0,16994,15473,596,13615,2006,90909,264,43101,1162,42983,18.0,198,0,23.77662054567479
Gujarat,2008,786,246,1216,55,1,313,572,2,748,30,54,114,434,114,2,5084404148,802876834,2290.0,214.0,19886.0,4456.0,86.0,0.0,0.0,0.0,0.0,6975.0,170.0,6805.0,897.0,13311.0,9122,8113,286,11487,1008,48932,136,21982,626,22052,86.0,198,0,15.79097197290698
Gujarat,2009,1137,352,1126,40,7,282,606,47,866,30,54,100,616,64,2,5463127172,966978024,2118.0,180.0,22290.0,5506.0,24.0,0.0,0.0,0.0,0.0,5740.0,141.0,5599.0,685.0,13483.0,16565,14860,470,15627,2325,104585,188,42135,1637,42477,24.0,184,0,17.700082636846222
Gujarat,2010,958,274,1937,34,5,375,558,41,816,44,56,106,522,84,4,6993641698,944552264,2164.0,220.0,19658.0,4886.0,19.0,0.0,1.0,1.0,1.0,5990.0,328.0,5662.0,564.0,14287.0,16859,15327,454,16082,2382,110796,144,40749,1944,40385,22.0,206,0,13.505871544293118
Haryana,2001,1681,9,21,0,0,1635,792,0,796,68,124,250,268,80,6,809782876,515659966,1636.0,88.0,6240.0,3020.0,0.0,0.0,0.0,0.0,0.0,7152.0,162.0,6990.0,2132.0,4213.0,6795,5131,1489,11456,670,14807,991,11597,2414,11599,0.0,442,0,63.67879357330347
Haryana,2002,697,3,219,9,0,689,313,0,722,58,98,12,474,78,2,852665442,555801134,1622.0,76.0,6108.0,3006.0,0.0,0.0,0.0,0.0,0.0,6937.0,26.0,6911.0,2193.0,5293.0,8777,7060,3161,11824,531,14598,1123,13879,4037,14087,0.0,168,0,65.18396391160415
Haryana,2003,3270,15,131,11,0,1259,418,20,706,4,10,140,496,56,0,982288602,671092164,1496.0,78.0,6586.0,3092.0,0.0,0.0,0.0,0.0,0.0,7118.0,20.0,7098.0,2223.0,5341.0,8346,6556,2990,11364,470,14636,1237,12795,3998,12829,0.0,154,0,68.31924575258383
Haryana,2004,1244,50,86,14,0,1221,834,0,772,4,4,40,630,94,0,925758510,572905732,1484.0,92.0,7470.0,3224.0,0.0,0.0,0.0,0.0,0.0,6649.0,19.0,6630.0,2401.0,5932.0,8607,6100,2549,11865,797,14203,1494,12938,3919,12535,0.0,48,0,61.8850084348671
Haryana,2005,1234,94,11,0,0,1189,1025,0,922,0,68,194,362,286,12,1939934884,1500443730,1624.0,164.0,10552.0,3702.0,1.0,0.0,0.0,0.0,0.0,6865.0,0.0,6865.0,3813.0,5858.0,8367,5739,1477,11000,1103,15338,1711,12221,2282,12198,1.0,262,0,77.34505639210929
Haryana,2006,1233,18,10,0,0,1269,615,0,1216,2,44,306,752,102,10,1587886650,880523814,1798.0,112.0,13176.0,4516.0,0.0,0.0,1.0,0.0,0.0,6028.0,0.0,6028.0,2925.0,5759.0,9346,6427,1569,10645,1524,17402,1889,13332,2538,12985,1.0,352,0,55.452561050248775
Haryana,2007,1246,19,47,6,0,1218,583,0,976,34,52,158,644,82,6,1779590876,1007432768,1884.0,120.0,13472.0,4448.0,1.0,0.0,15.0,0.0,0.0,6376.0,0.0,6376.0,3138.0,6064.0,9449,6639,1257,11069,1681,19551,1949,13768,2195,13371,16.0,244,0,56.610358121436
Haryana,2008,1140,42,80,13,0,1105,896,14,1262,20,44,76,990,122,10,1928858328,1016759696,1940.0,224.0,15786.0,4602.0,4.0,7.0,5.0,0.0,0.0,7571.0,0.0,7571.0,4149.0,7196.0,5371,3601,848,9859,874,10343,1098,7041,1290,7015,16.0,140,0,52.71303139480755
Haryana,2009,1098,167,5,4,0,1045,646,15,1206,38,54,140,860,108,6,1980108796,965679518,2014.0,196.0,16740.0,4850.0,4.0,0.0,0.0,0.0,0.0,7770.0,0.0,7770.0,4184.0,7527.0,10893,7365,1683,12136,2101,22450,2354,14292,2713,14350,4.0,232,0,48.76901309416738
Haryana,2010,788,40,8,0,0,814,322,0,1440,8,46,160,962,254,10,2495337254,1318756842,2088.0,158.0,22796.0,6108.0,3.0,0.0,0.0,0.0,1.0,8099.0,0.0,8099.0,1339.0,7483.0,11451,7859,1778,12665,2445,23716,2386,14835,3330,14217,4.0,214,0,52.84884197060122
Himachal Pradesh,2001,179,7,35,2,2,118,1,0,248,40,30,86,70,18,4,118023390,49251304,244.0,28.0,290.0,196.0,0.0,0.0,0.0,0.0,0.0,1556.0,0.0,1556.0,12.0,1729.0,1771,1517,130,8695,293,5312,290,2710,174,2649,0.0,156,0,41.73012146151708
Himachal Pradesh,2002,251,8,59,5,1,215,7,0,274,10,10,32,142,72,8,261090150,45859690,264.0,28.0,304.0,186.0,0.0,0.0,0.0,0.0,0.0,1285.0,43.0,1242.0,25.0,1720.0,1671,1356,115,8648,355,5596,235,2478,158,2350,0.0,52,0,17.564695565880214
Himachal Pradesh,2003,174,4,47,1,0,147,32,3,252,16,28,50,112,46,0,143594968,52886442,260.0,18.0,436.0,220.0,0.0,0.0,0.0,0.0,0.0,1507.0,71.0,1436.0,21.0,1720.0,1449,1269,154,8751,298,5608,208,2133,202,2191,0.0,94,0,36.83028920623458
Himachal Pradesh,2004,224,4,79,1,0,189,40,2,306,8,22,34,136,96,10,173880100,38245728,220.0,40.0,426.0,192.0,0.0,0.0,0.0,0.0,0.0,2560.0,0.0,2560.0,21.0,1720.0,1644,1356,139,8836,309,5492,237,2386,172,2194,0.0,64,0,21.995460090027553
Himachal Pradesh,2005,210,3,47,2,1,195,18,2,282,22,34,60,126,36,4,154820778,56284072,236.0,30.0,344.0,188.0,0.0,0.0,0.0,0.0,0.0,1840.0,0.0,1840.0,21.0,1786.0,1592,1329,146,9154,323,5137,212,2496,204,2446,0.0,116,0,36.35433998400396
Himachal Pradesh,2006,2702,2477,47,0,0,354,4,0,226,12,18,54,132,8,2,282132808,80104806,258.0,24.0,432.0,216.0,0.0,0.0,0.0,0.0,0.0,1295.0,0.0,1295.0,21.0,1764.0,1598,1287,138,8643,365,5286,225,2302,194,2298,0.0,84,0,28.39258807504585
Himachal Pradesh,2007,217,6,79,0,5,207,10,0,318,22,38,92,116,46,4,318469034,88633452,264.0,32.0,530.0,208.0,0.0,0.0,0.0,0.0,0.0,1337.0,0.0,1337.0,21.0,2043.0,2048,1452,106,8716,611,5446,297,2944,151,2600,0.0,152,0,27.831105237063646
Himachal Pradesh,2008,284,8,85,2,0,265,57,1,314,16,32,88,136,40,2,325415764,89274386,260.0,28.0,658.0,210.0,0.0,0.0,0.0,0.0,0.0,1503.0,0.0,1503.0,15.0,2234.0,989,794,86,8274,314,2940,152,1478,143,1454,0.0,136,0,27.43394631613483
Himachal Pradesh,2009,313,10,102,1,0,294,16,0,366,24,32,110,168,32,0,654838960,86183574,266.0,46.0,662.0,260.0,2.0,1.0,0.0,0.0,0.0,1531.0,0.0,1531.0,17.0,2237.0,1909,1789,130,8725,420,6531,290,2816,244,3007,3.0,166,0,13.16103336307296
Himachal Pradesh,2010,334,17,98,0,0,300,21,2,320,16,32,96,134,40,2,380746858,121856686,266.0,38.0,668.0,252.0,0.0,0.0,0.0,0.0,0.0,1218.0,0.0,1218.0,15.0,2250.0,2070,1633,102,8560,475,7189,331,2951,194,2917,0.0,144,0,32.00464650978157
Jammu & Kashmir,2001,560,44,2938,81,0,447,168,1,338,0,48,82,168,40,0,201005644,67151536,2824.0,382.0,1266.0,274.0,0.0,0.0,0.0,0.0,0.0,2657.0,0.0,2657.0,0.0,6351.0,3310,2859,206,9350,906,9641,460,4830,208,4766,0.0,130,0,33.40778630076676
Jammu & Kashmir,2002,786,38,2270,63,0,664,250,0,384,0,0,14,280,88,2,204318392,70590424,2614.0,188.0,1328.0,458.0,0.0,0.0,0.0,0.0,0.0,2881.0,0.0,2881.0,0.0,6351.0,4038,3289,304,9686,1132,10650,424,5505,426,5409,0.0,14,0,34.54922648373231
Jammu & Kashmir,2003,851,44,2714,101,1,587,318,1,422,2,2,0,294,124,0,260306216,114220368,2230.0,164.0,1152.0,312.0,0.0,0.0,0.0,0.0,0.0,2212.0,2.0,2210.0,0.0,6351.0,4335,3923,394,9410,1061,12534,410,7148,564,7200,0.0,4,0,43.87923183517062
Jammu & Kashmir,2004,510,284,2254,67,0,348,781,95,436,4,0,4,340,88,0,222049338,94220752,1978.0,164.0,1146.0,282.0,0.0,0.0,0.0,0.0,0.0,2798.0,16.0,2782.0,0.0,6351.0,4416,3778,320,9856,1170,13895,394,6660,376,6600,0.0,8,0,42.432349877125056
Jammu & Kashmir,2005,2517,34,2478,75,0,664,2307,0,402,2,0,6,306,84,4,221317092,86129998,1492.0,90.0,1008.0,218.0,0.0,0.0,0.0,0.0,0.0,2983.0,0.0,2983.0,0.0,6770.0,4301,3560,208,9881,1415,15100,410,6313,272,6069,0.0,8,0,38.91701143443544
Jammu & Kashmir,2006,164,63,1223,205,0,124,337,0,500,0,16,0,386,96,2,265491712,116745210,1282.0,34.0,1118.0,358.0,0.0,0.0,0.0,0.0,0.0,3084.0,0.0,3084.0,0.0,7056.0,4875,4279,340,9948,1479,16710,458,7777,536,7760,0.0,16,0,43.97320320116057
Jammu & Kashmir,2007,135,17,994,7,0,104,289,4,576,0,10,20,352,194,0,411070336,152572924,732.0,36.0,1028.0,330.0,17.0,0.0,0.0,0.0,0.0,3054.0,0.0,3054.0,45.0,7154.0,5062,4385,246,9759,1310,18746,671,8813,364,8786,17.0,30,0,37.11601413145998
Jammu & Kashmir,2008,417,40,1350,219,0,258,347,3,438,4,0,6,310,118,0,327979080,122067244,532.0,36.0,1344.0,286.0,0.0,0.0,0.0,0.0,0.0,2276.0,4.0,2272.0,45.0,8241.0,2312,1615,92,8750,959,9871,337,3221,176,3221,0.0,10,0,37.21799695273248
Jammu & Kashmir,2009,479,39,1408,8,0,96,497,1,470,0,2,6,354,104,4,428211090,171917824,524.0,28.0,1762.0,474.0,0.0,0.0,0.0,0.0,0.0,3761.0,0.0,3761.0,0.0,9346.0,5263,4240,414,10234,1734,20863,1096,8165,724,8148,0.0,8,0,40.14791489870102
Jammu & Kashmir,2010,526,79,1447,17,1,116,435,1,490,0,2,14,374,100,0,452595040,195367516,470.0,44.0,1936.0,480.0,0.0,0.0,0.0,0.0,0.0,3078.0,8.0,3070.0,137.0,8720.0,5249,3625,290,9630,2052,22079,1175,7136,430,7086,0.0,16,0,43.16607535071529
Jharkhand,2001,11,12,379,41,0,2,0,0,1134,18,6,8,956,146,0,253336874,28104850,3014.0,320.0,478.0,96.0,0.0,0.0,2.0,0.0,0.0,8719.0,147.0,8572.0,0.0,0.0,4099,3482,596,9729,1328,9619,137,6643,1451,6537,2.0,32,0,11.093864685485935
Jharkhand,2002,5103,5103,569,10,0,0,0,0,1594,0,0,86,1352,156,0,311402222,50422480,2976.0,588.0,1436.0,228.0,0.0,0.0,0.0,0.0,0.0,13750.0,193.0,13557.0,1184.0,4703.0,4801,3772,776,10876,2186,13551,175,7016,1289,7263,0.0,86,0,16.192074570360646
Jharkhand,2003,5116,5106,249,6,0,3,0,2,1424,0,12,20,1212,180,0,288201956,59292828,2964.0,230.0,694.0,196.0,0.0,0.0,0.0,0.0,0.0,11347.0,14.0,11333.0,659.0,2314.0,4731,3699,676,10657,2698,13296,128,7083,1331,6380,0.0,32,0,20.573360716538648
Jharkhand,2004,0,0,0,0,0,0,0,0,1594,0,0,86,1352,156,0,311402222,50422480,2976.0,230.0,1436.0,228.0,0.0,0.0,0.0,0.0,0.0,11347.0,32.0,11315.0,659.0,2314.0,4805,3697,676,10657,3281,13035,128,7083,1331,6373,0.0,86,0,16.192074570360646
Jharkhand,2005,8,1,525,13,0,4,1,0,1506,12,14,24,768,686,2,393487564,71818030,3046.0,260.0,1546.0,286.0,0.0,0.0,0.0,0.0,0.0,11689.0,369.0,11320.0,273.0,2315.0,4790,3390,926,11047,3991,12163,155,6261,1318,4136,0.0,50,0,18.251664492248096
Jharkhand,2006,3,3,586,43,0,0,0,0,1598,4,90,396,838,266,4,340186500,55559764,2984.0,516.0,2458.0,524.0,187.0,0.0,0.0,0.0,0.0,14969.0,58.0,14911.0,1098.0,3012.0,5633,3965,1225,11532,5012,11118,182,7614,989,6999,187.0,490,0,16.332148395071528
Jharkhand,2007,4,0,446,7,0,0,0,0,1710,0,30,16,1278,376,10,457288766,74150850,3234.0,258.0,3476.0,538.0,0.0,0.0,0.0,0.0,0.0,17476.0,165.0,17311.0,382.0,6228.0,6210,4483,1591,11367,5719,10407,351,8140,1609,7338,0.0,46,0,16.21532290167828
Jharkhand,2008,23,1,521,7,0,0,0,0,1582,2,4,10,1324,238,4,719723958,70640812,3394.0,196.0,4942.0,668.0,0.0,0.0,0.0,0.0,0.0,13658.0,818.0,12840.0,195.0,7299.0,2785,2301,455,9446,2653,4856,124,4055,674,3669,0.0,16,0,9.814986873064464
Jharkhand,2009,1065,1060,1224,7,0,65,840,0,1438,8,0,10,988,432,0,635107680,100915742,3272.0,178.0,4992.0,1114.0,0.0,0.0,0.0,0.0,0.0,15079.0,60.0,15019.0,888.0,6479.0,5673,5223,1963,11079,5119,10238,303,7978,2783,7705,0.0,18,0,15.889548367609097
Jharkhand,2010,2043,8,932,90,1,5,24,0,1546,0,0,0,1208,338,0,945912472,127008944,3504.0,154.0,5368.0,880.0,0.0,20.0,0.0,0.0,0.0,13849.0,32.0,13817.0,888.0,8826.0,5775,4824,1162,11455,4942,10193,382,9193,2116,10937,20.0,0,0,13.427134936857033
Karnataka,2001,2209,183,1094,15,0,9,196,2,586,48,126,124,246,42,0,1167765734,437062606,3356.0,362.0,7726.0,2496.0,65.0,0.0,0.0,0.0,0.0,19051.0,55.0,18996.0,573.0,5884.0,10998,9424,1614,12669,1873,20977,2035,16793,2574,16283,65.0,298,0,37.427250455697994
Karnataka,2002,198,57,864,9,2,67,181,0,584,6,20,12,436,108,2,1277711286,528569948,3408.0,312.0,8562.0,2624.0,4.0,0.0,0.0,0.0,0.0,16809.0,0.0,16809.0,622.0,6093.0,11246,9030,1557,12867,1731,22428,2136,16979,2452,15902,4.0,38,0,41.368496450770174
Karnataka,2003,170,74,1259,11,2,36,125,1,642,36,94,134,270,76,32,1400135030,437083782,3152.0,300.0,8666.0,2658.0,30.0,0.0,0.0,1.0,0.0,17782.0,28.0,17754.0,665.0,6154.0,10678,8834,1627,12909,1533,23639,1990,17257,2609,16177,31.0,264,0,31.21725923820362
Karnataka,2004,163,55,976,13,1,50,326,3,582,30,30,24,402,96,0,1624652962,606767442,3134.0,326.0,11466.0,2970.0,23.0,0.0,0.0,0.0,0.0,20692.0,28.0,20664.0,671.0,6259.0,10109,8005,1659,14016,1682,23117,1794,15165,2874,15223,23.0,84,0,37.347510895683826
Karnataka,2005,261,65,888,16,2,15,226,1,686,28,26,42,468,122,0,5562668148,714523032,3346.0,364.0,11954.0,2806.0,9.0,1.0,0.0,1.0,0.0,22563.0,26.0,22537.0,562.0,6264.0,11291,8715,1531,14986,2189,22339,1744,17272,2898,16886,11.0,96,0,12.844969589942181
Karnataka,2006,215,55,694,5,0,35,172,1,800,46,32,92,536,90,4,1952119748,655166806,3354.0,328.0,12012.0,2806.0,0.0,0.0,0.0,0.0,0.0,19257.0,4.0,19253.0,741.0,6268.0,11832,9412,996,15114,2346,22389,1261,18429,1953,17453,0.0,170,0,33.56181436467903
Karnataka,2007,154,86,792,5,0,10,141,1,872,40,64,64,594,96,14,2477381566,668413192,3172.0,348.0,12146.0,3916.0,1.0,0.0,0.0,0.0,0.0,17932.0,52.0,17880.0,584.0,6329.0,13119,10001,952,14634,2449,24057,1560,19457,1896,19034,1.0,168,0,26.980631533447035
Karnataka,2008,499,77,757,9,0,13,438,12,892,42,48,104,602,94,2,3842117706,1218305000,3600.0,344.0,18404.0,4312.0,32.0,1.0,0.0,0.0,0.0,17763.0,558.0,17205.0,410.0,8766.0,6935,4912,253,10867,1246,11732,640,9619,469,8915,33.0,194,0,31.709205527395678
Karnataka,2009,801,76,1100,6,1,35,781,8,1018,78,98,36,722,76,8,5022938884,1747033256,3504.0,374.0,22040.0,5292.0,8.0,0.0,0.0,0.0,0.0,15387.0,1000.0,14387.0,774.0,9269.0,15736,11743,575,14634,3754,29769,1128,24691,1229,23777,8.0,212,0,34.78109720914534
Karnataka,2010,485,81,633,8,1,9,450,31,1172,20,94,138,738,176,6,4822966690,1999293420,3756.0,374.0,21278.0,6748.0,3592.0,4.0,1.0,1.0,0.0,19097.0,340.0,18757.0,764.0,9531.0,17621,13547,738,15315,4196,34628,1603,27270,1331,24869,3598.0,252,0,41.453602077438354
Kerala,2001,1336,115,548,1,1,729,1118,3,1124,38,92,252,612,128,2,866273712,198987066,978.0,158.0,3590.0,1026.0,0.0,0.0,0.0,0.0,0.0,9068.0,330.0,8738.0,8.0,4333.0,11029,9061,503,11545,3343,29252,928,15689,618,15353,0.0,382,0,22.970461096019037
Kerala,2002,2720,93,864,11,1,997,1796,3,998,50,58,264,530,90,6,1263231954,235628780,908.0,154.0,3956.0,1222.0,0.0,0.0,0.0,0.0,0.0,9536.0,90.0,9446.0,8.0,4333.0,11870,9821,497,11699,3487,33812,1244,17413,945,17258,0.0,372,0,18.652851461988902
Kerala,2003,1578,82,808,11,1,573,1080,5,788,40,72,26,534,112,4,1141265636,251191744,870.0,156.0,3336.0,1262.0,0.0,0.0,0.0,0.0,0.0,10470.0,160.0,10310.0,2.0,4419.0,11576,9291,639,12387,3826,36696,1234,16960,1057,15891,0.0,138,0,22.009927932325827
Kerala,2004,2570,60,811,18,13,1151,2102,286,960,38,72,208,516,114,12,935693750,236493458,854.0,182.0,3434.0,1450.0,0.0,0.0,0.0,0.0,0.0,12381.0,144.0,12237.0,2.0,4412.0,13231,11263,859,13537,3704,39633,1274,19209,1396,18649,0.0,318,0,25.274664707336136
Kerala,2005,1982,186,620,15,1,803,1902,4,962,60,62,172,472,180,16,1344197870,190492878,862.0,184.0,3892.0,1124.0,1.0,0.0,0.0,0.0,0.0,13569.0,2.0,13567.0,2.0,4460.0,13716,11561,851,14010,4170,43453,1030,20712,1730,19708,1.0,294,0,14.171490838621848
Kerala,2006,1718,99,1025,20,0,794,1356,0,1210,70,118,254,562,192,14,2883025264,245360920,852.0,156.0,4038.0,1090.0,0.0,0.0,0.0,0.0,0.0,15669.0,0.0,15669.0,0.0,4670.0,15526,12883,1173,15349,4670,46806,1195,22282,2110,21306,0.0,442,0,8.510536590289137
Kerala,2007,3684,89,1080,7,1,2994,2278,2,1026,46,90,230,524,126,10,3076954794,265401982,786.0,170.0,4220.0,1286.0,5.0,0.0,0.0,0.0,0.0,13743.0,0.0,13743.0,17.0,4792.0,16215,14309,873,16944,4435,50039,1065,21865,1409,22344,5.0,366,0,8.62547550316724
Kerala,2008,3096,132,898,9,0,2571,2854,0,1140,54,102,278,548,146,12,5155465762,278208078,758.0,154.0,4002.0,1218.0,7.0,4.0,0.0,0.0,0.0,13536.0,16.0,13520.0,105.0,4533.0,8765,6985,437,11882,2322,26706,675,10894,645,10884,11.0,434,0,5.3963713628091785
Kerala,2009,3491,81,1040,10,0,3010,2846,1,1136,66,90,314,506,140,20,5625672920,768607484,738.0,152.0,4056.0,1484.0,11.0,0.0,0.0,0.0,0.0,12933.0,22.0,12911.0,118.0,4601.0,16550,15168,1165,16170,4076,58933,959,21582,1867,22708,11.0,470,0,13.662498601145124
Kerala,2010,4294,118,1223,13,5,3337,2684,0,1272,58,96,266,656,172,24,5371510366,400326630,810.0,164.0,2956.0,1252.0,10.0,0.0,0.0,1.0,0.0,13416.0,44.0,13372.0,118.0,4672.0,19420,17374,1053,16156,4209,66387,1002,25878,1491,26265,11.0,420,0,7.452775899567164
Lakshadweep,2001,1,1,0,0,0,0,0,0,0,0,0,0,0,0,0,218580,70800,4.0,0.0,0.0,0.0,0.0,0.0,0.0,0.0,0.0,2.0,0.0,2.0,0.0,55.0,0,2,0,7890,0,2,0,0,0,2,0.0,0,0,32.390886631896784
Lakshadweep,2002,1,1,0,0,0,0,0,0,2,0,0,0,0,2,0,419470,170590,0.0,0.0,0.0,0.0,0.0,0.0,0.0,0.0,0.0,8.0,0.0,8.0,0.0,55.0,4,2,2,7890,2,2,0,6,2,2,0.0,0,0,40.667985791594155
Lakshadweep,2003,0,0,0,0,0,0,0,0,4,0,0,0,4,0,0,357300,193300,0.0,0.0,2.0,2.0,0.0,0.0,0.0,0.0,0.0,4.0,0.0,4.0,0.0,54.0,8,2,2,7890,8,2,0,6,2,4,0.0,0,0,54.10019591379793
Lakshadweep,2004,0,0,0,0,0,0,0,0,0,0,0,0,0,0,0,15540,6820,0.0,0.0,0.0,0.0,0.0,0.0,0.0,0.0,0.0,2.0,0.0,2.0,0.0,54.0,2,8,2,7890,2,6,0,2,4,4,0.0,0,0,43.886743886743886
Lakshadweep,2005,0,0,0,0,0,0,0,0,0,0,0,0,0,0,0,523316,18820,2.0,0.0,0.0,0.0,0.0,0.0,0.0,0.0,0.0,0.0,0.0,0.0,1.0,55.0,0,2,0,7890,0,8,0,0,0,0,0.0,0,0,3.5962974569858366
Lakshadweep,2006,0,0,0,0,0,0,0,0,0,0,0,0,0,0,0,752600,222400,0.0,0.0,4.0,2.0,0.0,0.0,0.0,0.0,0.0,0.0,0.0,0.0,4.0,55.0,2,0,0,7890,2,6,0,2,0,0,0.0,0,0,29.550890247143236
Lakshadweep,2007,0,0,0,0,0,0,0,0,2,0,0,0,2,0,0,848323,66597,0.0,0.0,4.0,4.0,0.0,0.0,0.0,0.0,0.0,2.0,0.0,2.0,1.0,55.0,10,4,0,7890,8,10,0,4,0,4,0.0,0,0,7.85042961230569
Lakshadweep,2008,0,0,0,0,0,0,0,0,4,0,0,0,2,2,0,488000,198000,2.0,0.0,2.0,2.0,0.0,0.0,0.0,0.0,0.0,2.0,0.0,2.0,1.0,87.0,4,1,1,7890,5,5,0,2,1,1,0.0,0,0,40.57377049180328
Lakshadweep,2009,0,0,0,0,0,0,0,0,2,0,0,0,2,0,0,6154000,600000,0.0,0.0,10.0,10.0,0.0,0.0,0.0,0.0,0.0,10.0,0.0,10.0,0.0,87.0,2,6,0,7894,2,12,0,4,0,6,0.0,0,0,9.749756256093598
Lakshadweep,2010,0,0,0,0,0,0,0,0,0,0,0,0,0,0,0,86000,44000,0.0,0.0,0.0,0.0,0.0,0.0,0.0,0.0,0.0,0.0,0.0,0.0,0.0,87.0,1,1,0,7890,2,13,0,1,0,1,0.0,0,0,51.162790697674424
Madhya Pradesh,2001,19390,635,513,28,1,13907,7605,398,5702,172,608,1114,2500,1254,54,1002602088,407764494,4850.0,202.0,8646.0,2534.0,0.0,0.0,0.0,0.0,0.0,25439.0,0.0,25439.0,0.0,15698.0,29123,27807,5873,19944,1583,85657,123,44414,9248,44059,0.0,1894,0,40.67062086549335
Madhya Pradesh,2002,652,3,94,0,0,403,94,0,5782,160,370,504,3098,1622,28,1152029118,452176834,4790.0,430.0,9690.0,3046.0,0.0,0.0,0.0,0.0,0.0,24777.0,372.0,24405.0,1521.0,9276.0,30534,29931,5184,19041,1294,92912,369,50629,9703,50944,0.0,1034,0,39.250469188227584
Madhya Pradesh,2003,9875,29,304,103,4,8810,2297,1,5476,126,462,810,3092,972,14,1200303462,470670824,4454.0,308.0,10416.0,3502.0,0.0,0.0,0.0,0.0,0.0,27944.0,0.0,27944.0,1521.0,8683.0,29090,27930,6950,21957,1546,92456,299,48011,11094,47876,0.0,1398,0,39.212652375070796
Madhya Pradesh,2004,11162,44,450,109,0,9729,3417,1,5750,184,560,676,3346,956,28,1254079054,483470464,4760.0,550.0,12492.0,3682.0,0.0,0.0,0.0,0.0,0.0,27471.0,0.0,27471.0,1765.0,9434.0,30419,30051,7021,21613,1208,95245,287,53815,10776,53934,0.0,1420,0,38.55183311274729
Madhya Pradesh,2005,19748,588,339,30,5,16834,5184,603,5842,204,588,948,2792,1258,52,1390050582,555418090,4856.0,570.0,13102.0,4192.0,0.0,0.0,0.0,0.0,0.0,28013.0,0.0,28013.0,1765.0,9513.0,29092,27829,6578,21813,1728,95075,265,48335,11630,48423,0.0,1740,0,39.95668195044143
Madhya Pradesh,2006,22224,819,308,43,2,17197,4787,348,5800,46,192,1420,2804,1324,14,2225106102,647516340,4660.0,724.0,15302.0,4354.0,0.0,0.0,0.0,0.0,0.0,26071.0,0.0,26071.0,1366.0,9955.0,28694,27848,7393,19523,1844,97245,261,47324,12073,47209,0.0,1658,0,29.100470284000867
Madhya Pradesh,2007,18526,4562,281,10,2,12328,3216,5,6020,128,574,1384,2798,1050,86,1919149682,849401300,4630.0,562.0,17644.0,4594.0,0.0,0.0,0.0,0.0,0.0,25155.0,0.0,25155.0,1294.0,10016.0,30766,29995,7454,20787,1822,99807,241,51735,13791,51733,0.0,2086,0,44.25925231193092
Madhya Pradesh,2008,18315,23,294,18,1,14306,4038,1,5874,138,454,1192,3096,954,40,2181538682,668111834,4702.0,624.0,22058.0,4654.0,0.0,0.0,0.0,0.0,0.0,27144.0,0.0,27144.0,0.0,10015.0,14960,14402,4905,15231,1104,48806,94,26030,10867,25967,0.0,1784,0,30.625715670899112
Madhya Pradesh,2009,15903,4014,579,10,0,11261,4223,410,5996,152,582,1408,2810,1022,22,2202635118,863731842,4804.0,668.0,21910.0,4906.0,26.0,0.0,0.0,0.0,0.0,23491.0,0.0,23491.0,0.0,10015.0,31638,31666,7302,21704,1595,100835,149,55837,12830,55701,26.0,2142,0,39.2135690083917
Madhya Pradesh,2010,13620,30,805,25,1,12792,3545,158,6272,106,608,1652,2728,1154,24,16531578244,14940022726,4882.0,608.0,24120.0,5554.0,2.0,0.0,1.0,0.0,0.0,29556.0,0.0,29556.0,1231.0,12049.0,32957,32087,8321,22941,1843,102276,158,55385,15004,55436,3.0,2366,0,90.37263415198944
Maharashtra,2001,5001,464,7920,178,7,2899,2327,21,2604,178,304,838,1006,270,8,8002338632,1713394130,5900.0,594.0,17774.0,5884.0,12.0,1.0,0.0,0.0,1.0,19728.0,465.0,19263.0,10565.0,25917.0,27057,24243,1262,22788,3889,167583,385,60167,2509,60854,14.0,1320,0,21.4111675198101
Maharashtra,2002,3859,323,1436,83,10,2620,1302,24,2704,126,260,638,1386,280,14,19633152984,2601446940,5982.0,706.0,18260.0,5720.0,46.0,10.0,4.0,0.0,2.0,23223.0,240.0,22983.0,10893.0,25939.0,24570,21353,1324,25389,4278,166774,389,58663,2565,59847,62.0,1024,0,13.250275908918166
Maharashtra,2003,4555,488,545,45,8,3363,1439,32,2552,158,232,834,1082,238,8,7749119030,1498906148,5902.0,748.0,18542.0,5504.0,27.0,5.0,1.0,0.0,0.0,23258.0,437.0,22821.0,0.0,25939.0,24537,21243,1375,22909,4593,168939,277,57619,2370,56368,33.0,1224,0,19.342923269046754
Maharashtra,2004,4956,412,318,34,1,3661,698,27,2784,170,266,838,1254,246,10,10412190506,1621248002,5554.0,582.0,22614.0,7242.0,26.0,2.0,2.0,2.0,1.0,22144.0,114.0,22030.0,0.0,26143.0,26291,22543,1279,22282,5307,173000,336,59643,2314,58903,33.0,1274,0,15.570671714715168
Maharashtra,2005,4401,434,330,63,13,3216,546,8,3098,170,264,842,1470,348,4,12945636818,1771027418,5490.0,584.0,24426.0,6064.0,37.0,3.0,2.0,1.0,1.0,22394.0,93.0,22301.0,0.0,26143.0,28875,24973,1219,23006,5970,179425,359,67180,1831,65625,44.0,1276,0,13.680496702468206
Maharashtra,2006,5159,417,372,50,3,3805,968,10,3012,166,254,890,1414,280,8,14494985388,2077256260,5922.0,734.0,25628.0,7514.0,40.0,3.0,4.0,0.0,0.0,20218.0,50.0,20168.0,0.0,27651.0,30919,25698,1159,21122,7583,188630,635,70534,2086,66725,47.0,1310,0,14.330861359265
Maharashtra,2007,3838,354,172,6,9,2680,1170,0,2914,198,250,786,1318,336,26,20448979568,2924109034,5586.0,696.0,27820.0,7190.0,59.0,7.0,0.0,0.0,1.0,19145.0,54.0,19091.0,0.0,31334.0,32111,26664,1160,21344,9014,198852,812,70672,2087,67866,67.0,1234,0,14.299535212876105
Maharashtra,2008,3928,373,203,25,6,3011,633,0,3134,236,270,882,1414,322,10,30938688792,2689769668,5952.0,670.0,33818.0,6668.0,72.0,1.0,0.0,0.0,0.0,25082.0,81.0,25001.0,0.0,31932.0,18362,14391,636,15578,4515,102909,365,36822,1075,35630,73.0,1388,0,8.693870920268314
Maharashtra,2009,3982,323,242,15,0,2909,908,34,2986,262,242,726,1426,314,16,25227516346,2705874214,5424.0,640.0,36472.0,9230.0,78.0,5.0,4.0,2.0,1.0,20017.0,30.0,19987.0,0.0,33134.0,32721,28407,1177,22599,9734,218610,755,80559,2022,77866,90.0,1230,0,10.725884295895167
Maharashtra,2010,4906,413,275,36,2,3713,370,19,3222,216,268,1030,1350,336,22,47552509050,4675655792,5674.0,644.0,37210.0,9282.0,88.0,11.0,3.0,0.0,2.0,24218.0,111.0,24107.0,0.0,34755.0,34100,28954,1056,25736,10650,226394,650,79627,1973,77315,104.0,1514,0,9.832616375896572
Manipur,2001,0,0,0,0,0,0,0,0,40,6,2,8,18,4,2,62034620,7317112,466.0,22.0,142.0,14.0,0.0,0.0,0.0,0.0,0.0,20.0,0.0,20.0,0.0,1544.0,223,16,9,7896,224,140,7,193,2,23,0.0,16,0,11.795207256851095
Manipur,2002,0,0,0,1,2,0,2,0,28,0,0,0,28,0,0,46413864,3628510,444.0,12.0,238.0,30.0,0.0,0.0,0.0,0.0,0.0,29.0,0.0,29.0,0.0,1544.0,334,30,8,7890,260,162,6,293,31,49,0.0,0,0,7.817728771730792
Manipur,2003,2,2,0,0,0,0,2,0,36,0,0,14,20,0,2,34380934,4646928,370.0,18.0,248.0,22.0,0.0,0.0,0.0,0.0,0.0,51.0,0.0,51.0,0.0,1681.0,274,14,4,7896,342,166,0,300,6,14,0.0,14,0,13.51600279387407
Manipur,2004,0,1,1,0,0,0,0,0,62,8,0,4,40,10,0,80427980,10901566,386.0,20.0,218.0,10.0,0.0,0.0,0.0,0.0,0.0,28.0,0.0,28.0,4.0,1679.0,268,12,0,7898,472,170,0,264,0,12,0.0,12,0,13.55444460994793
Manipur,2005,4,4,8,0,0,0,3,0,50,6,2,0,28,14,0,231028726,1772220,590.0,12.0,184.0,14.0,1.0,0.0,0.0,0.0,0.0,26.0,0.0,26.0,4.0,1770.0,279,22,0,7898,558,184,1,252,0,22,1.0,8,0,0.7670994125639597
Manipur,2006,2,0,2,0,0,0,2,0,84,12,8,18,34,12,0,110929194,2786010,476.0,34.0,238.0,16.0,0.0,0.0,0.0,0.0,0.0,25.0,0.0,25.0,7.0,1781.0,342,6,6,7892,688,180,0,208,4,6,0.0,38,0,2.5115209977997313
Manipur,2007,0,0,0,0,0,0,0,0,40,4,4,0,28,4,0,228787634,2251820,590.0,20.0,314.0,18.0,0.0,0.0,0.0,0.0,0.0,40.0,0.0,40.0,7.0,2058.0,376,6,2,7904,886,168,0,266,2,6,0.0,8,0,0.9842402583699082
Manipur,2008,1,1,1,0,0,0,1,0,76,18,16,16,24,2,0,214531548,3976500,536.0,24.0,594.0,18.0,0.0,0.0,0.0,0.0,0.0,23.0,0.0,23.0,7.0,2521.0,211,6,0,7890,597,90,0,147,0,6,0.0,50,0,1.853573535953789
Manipur,2009,1,1,1,0,0,0,1,0,62,10,10,4,18,18,2,238390662,96091140,348.0,36.0,640.0,14.0,0.0,0.0,0.0,0.0,0.0,19.0,0.0,19.0,7.0,3317.0,388,16,0,7890,1442,196,0,366,0,20,0.0,24,0,40.308265094712475
Manipur,2010,0,0,0,0,0,0,0,0,68,2,4,16,40,6,0,184849936,3457520,202.0,18.0,572.0,36.0,0.0,0.0,0.0,0.0,0.0,28.0,0.0,28.0,43.0,3618.0,380,12,2,7898,1678,198,0,282,2,14,0.0,22,0,1.8704469554157703
Meghalaya,2001,6,6,28,2,0,0,4,0,52,6,4,8,28,6,0,27737600,7325424,338.0,2.0,114.0,34.0,0.0,0.0,0.0,0.0,0.0,199.0,43.0,156.0,509.0,1408.0,134,96,4,7934,215,833,0,108,4,104,0.0,18,0,26.409725426857406
Meghalaya,2002,2,2,1,0,0,0,2,0,76,6,18,44,8,0,0,35977384,10190972,368.0,8.0,116.0,24.0,0.0,0.0,0.0,0.0,0.0,187.0,16.0,171.0,521.0,1440.0,144,79,10,7909,252,878,0,160,8,115,0.0,68,0,28.326050610016555
Meghalaya,2003,5,5,8,1,0,0,5,0,80,8,10,30,28,2,2,537042912,5075698,350.0,8.0,216.0,34.0,3.0,0.0,0.0,0.0,0.0,117.0,8.0,109.0,410.0,1331.0,138,72,10,7912,293,917,0,163,6,46,3.0,48,0,0.94511963319609
Meghalaya,2004,6,6,9,3,0,0,1,5,108,6,16,18,68,0,0,255182312,28916328,314.0,2.0,280.0,76.0,0.0,0.0,0.0,0.0,0.0,149.0,2.0,147.0,410.0,1226.0,227,87,8,7910,406,972,0,192,8,100,0.0,40,0,11.331634929304975
Meghalaya,2005,33,6,81,9,0,0,27,6,126,18,20,64,16,8,0,73467358,13533724,276.0,12.0,238.0,40.0,0.0,0.0,0.0,0.0,0.0,177.0,10.0,167.0,384.0,1272.0,262,124,8,7912,493,1063,2,212,8,106,0.0,102,0,18.42141104352766
Meghalaya,2006,2,4,13,9,0,0,2,0,148,28,22,46,46,6,0,92707332,13013718,314.0,6.0,270.0,40.0,0.0,0.0,0.0,0.0,0.0,356.0,22.0,334.0,359.0,1272.0,352,176,14,7943,560,1169,2,314,20,202,0.0,96,0,14.037420470691576
Meghalaya,2007,16,16,91,5,0,0,12,0,186,48,24,38,72,4,0,66699380,16740714,228.0,18.0,186.0,18.0,0.0,0.0,0.0,0.0,0.0,185.0,14.0,171.0,407.0,1320.0,343,133,32,7918,724,1239,2,259,60,141,0.0,110,0,25.098755040901427
Meghalaya,2008,6,6,0,0,0,0,6,0,176,12,34,28,94,8,0,159704640,16699942,252.0,18.0,264.0,54.0,0.0,0.0,0.0,0.0,0.0,255.0,20.0,235.0,635.0,1344.0,206,74,25,7924,467,631,0,147,24,89,0.0,74,0,10.456766941774516
Meghalaya,2009,3,3,0,0,0,0,0,3,224,38,46,38,82,14,6,107257020,19158860,256.0,16.0,360.0,54.0,0.0,0.0,0.0,0.0,0.0,293.0,6.0,287.0,916.0,1344.0,475,261,24,7978,1020,1412,0,356,24,380,0.0,122,0,17.86256974135586
Meghalaya,2010,2,5,4,3,0,0,2,0,302,66,68,52,82,34,0,122707268,20510528,274.0,20.0,304.0,84.0,0.0,0.0,0.0,0.0,0.0,167.0,4.0,163.0,764.0,1292.0,522,266,14,7936,1239,1599,2,444,16,256,0.0,186,0,16.71500664492017
Mizoram,2001,7,9,43,3,0,0,1,0,104,0,0,60,28,16,0,37714904,20077244,62.0,4.0,40.0,36.0,0.0,0.0,0.0,0.0,0.0,217.0,34.0,183.0,51.0,952.0,252,210,174,7928,70,300,4,265,214,287,0.0,60,0,53.2342439476977
Mizoram,2002,6,5,26,2,0,0,1,5,152,0,2,2,104,26,18,65623748,18442070,58.0,4.0,62.0,60.0,0.0,0.0,0.0,0.0,0.0,133.0,43.0,90.0,0.0,652.0,308,190,96,7918,144,272,0,301,176,309,0.0,4,0,28.1027380514749
Mizoram,2003,3,4,1,0,1,0,0,2,108,2,6,12,44,44,0,37906124,23648790,92.0,2.0,112.0,108.0,0.0,0.0,0.0,0.0,0.0,175.0,99.0,76.0,0.0,1003.0,294,320,134,7912,52,536,0,345,399,287,0.0,20,0,62.38778198477903
Mizoram,2004,2,2,26,1,0,0,0,1,40,0,0,0,24,16,0,2708980,1760400,70.0,12.0,0.0,0.0,0.0,0.0,0.0,0.0,0.0,586.0,89.0,497.0,0.0,1003.0,177,155,363,7971,52,243,1,154,15,113,0.0,0,0,64.98386846709832
Mizoram,2005,0,0,0,0,0,0,0,0,74,0,0,60,14,0,0,37633272,24479412,70.0,12.0,0.0,0.0,0.0,0.0,0.0,0.0,0.0,174.0,34.0,140.0,0.0,1360.0,190,177,57,7912,60,319,1,170,335,139,0.0,60,0,65.04725924442604
Mizoram,2006,8,7,11,0,3,0,0,1,144,14,38,18,64,10,0,102226068,21654944,50.0,0.0,136.0,98.0,1.0,0.0,0.0,0.0,0.0,492.0,0.0,492.0,7.0,1420.0,251,256,417,7914,34,130,1,276,256,278,1.0,70,0,21.183387391951726
Mizoram,2007,0,0,5,0,0,0,0,0,166,46,46,36,20,14,4,115685542,58554848,86.0,4.0,140.0,82.0,0.0,0.0,0.0,0.0,0.0,290.0,0.0,290.0,84.0,1494.0,302,284,168,7910,36,226,0,304,190,326,0.0,128,0,50.615528083881046
Mizoram,2008,0,0,0,0,0,0,0,0,154,18,8,10,98,20,0,58735498,42031864,70.0,0.0,86.0,68.0,60.0,0.0,0.0,0.0,0.0,355.0,95.0,260.0,0.0,1555.0,161,146,125,7905,31,119,0,176,134,158,60.0,36,0,71.5612626626576
Mizoram,2009,12,12,4,2,1,0,9,3,166,10,6,6,84,60,0,303220368,84242774,62.0,0.0,154.0,118.0,0.0,0.0,0.0,0.0,0.0,300.0,260.0,40.0,0.0,1639.0,300,320,233,7922,35,294,1,329,245,470,0.0,22,0,27.7826897169388
Mizoram,2010,3,2,1,0,0,0,3,0,184,20,34,30,58,34,8,99590638,50235932,96.0,18.0,138.0,104.0,0.0,0.0,0.0,0.0,0.0,376.0,56.0,320.0,0.0,1590.0,340,341,317,7910,34,299,1,388,499,419,0.0,84,0,50.4424241162106
Nagaland,2001,99,76,8,0,0,1,1,0,34,0,0,16,12,6,0,162032154,13611676,218.0,6.0,238.0,60.0,17.0,0.0,0.0,0.0,0.0,97.0,52.0,45.0,62.0,712.0,60,31,7,7894,78,189,1,75,13,31,17.0,16,0,8.400601771917444
Nagaland,2002,13,6,2,0,1,0,3,0,34,4,2,6,22,0,0,55288882,11505550,216.0,2.0,322.0,52.0,9.0,0.0,0.0,0.0,0.0,104.0,14.0,90.0,32.0,749.0,49,37,16,7890,83,209,0,74,32,44,9.0,12,0,20.809880004446462
Nagaland,2003,6,4,4,0,0,0,2,0,28,0,0,0,28,0,0,19333234,8064574,182.0,0.0,450.0,116.0,0.0,0.0,0.0,0.0,0.0,128.0,0.0,128.0,73.0,756.0,52,32,18,7894,88,214,0,59,30,42,0.0,0,0,41.7135281143341
Nagaland,2004,11,10,7,0,1,0,1,0,36,2,0,0,34,0,0,23980892,4983050,146.0,0.0,244.0,50.0,2.0,0.0,0.0,0.0,0.0,845.0,48.0,797.0,228.0,748.0,59,96,150,7890,38,162,7,60,182,138,2.0,2,0,20.77925208119865
Nagaland,2005,8,4,2,2,1,0,2,0,34,6,0,0,24,4,0,48060666,20076810,182.0,10.0,496.0,112.0,6.0,9.0,2.0,0.0,0.0,1458.0,0.0,1458.0,89.0,762.0,71,54,68,7953,20,84,0,69,95,76,17.0,6,0,41.77389052411384
Nagaland,2006,11,7,10,0,0,0,10,0,46,12,2,8,22,2,0,357543944,20961654,246.0,4.0,310.0,150.0,25.0,0.0,0.0,0.0,0.0,255.0,132.0,123.0,102.0,768.0,81,65,45,7892,32,98,7,109,65,89,25.0,22,0,5.862679078127527
Nagaland,2007,3,3,0,0,0,0,3,0,26,0,0,6,12,8,0,103762684,26595940,236.0,6.0,466.0,70.0,31.0,0.0,0.0,0.0,0.0,319.0,0.0,319.0,738.0,781.0,64,47,71,7894,39,70,5,96,95,77,31.0,6,0,25.631507373113056
Nagaland,2008,7,3,0,1,0,0,6,1,38,0,0,0,38,0,0,839454684,7486372,294.0,6.0,502.0,34.0,0.0,0.0,0.0,0.0,0.0,281.0,53.0,228.0,885.0,795.0,48,35,23,7894,20,43,1,58,25,39,0.0,0,0,0.8918137146281025
Nagaland,2009,9,6,5,0,0,0,11,0,44,0,0,0,34,10,0,1472009388,42952050,98.0,2.0,432.0,72.0,39.0,0.0,0.0,0.0,0.0,269.0,66.0,203.0,199.0,795.0,91,93,47,7894,29,127,5,120,90,107,39.0,0,0,2.9179195696814397
Nagaland,2010,8,7,2,0,1,0,2,0,32,2,2,4,12,12,0,747822482,71673620,94.0,20.0,554.0,68.0,24.0,0.0,0.0,0.0,0.0,375.0,86.0,289.0,205.0,795.0,82,75,62,7922,24,106,4,117,35,96,24.0,8,0,9.584309341478182
Odisha,2001,81,72,191,11,1,9,10,5,1580,16,18,594,804,148,0,441483744,105055702,2010.0,144.0,2022.0,688.0,0.0,0.0,0.0,0.0,0.0,10548.0,0.0,10548.0,471.0,6464.0,10311,9668,976,13499,3146,29811,385,14289,1527,13999,0.0,628,0,23.796052159963562
Odisha,2002,85,53,164,4,0,4,30,3,1382,24,18,0,1228,112,0,425202968,152179888,2296.0,146.0,2056.0,716.0,0.0,0.0,0.0,0.0,0.0,9200.0,0.0,9200.0,471.0,6477.0,9182,8146,802,12510,3316,32495,491,14005,1468,13724,0.0,42,0,35.78994020568549
Odisha,2003,107,85,272,16,0,14,34,1,1450,10,36,64,1172,166,2,374880430,146128208,2204.0,172.0,2152.0,694.0,0.0,0.0,0.0,0.0,0.0,11721.0,0.0,11721.0,471.0,6502.0,9544,9437,994,12805,2397,36029,627,14815,1740,14894,0.0,110,0,38.97995102064944
Odisha,2004,68,81,255,6,0,2,5,7,1540,54,4,4,1232,246,0,457087078,174205324,2274.0,126.0,2808.0,748.0,0.0,0.0,0.0,0.0,0.0,11965.0,0.0,11965.0,28.0,6634.0,9996,8911,922,13792,2691,38062,503,15008,1597,14659,0.0,62,0,38.11206494006378
Odisha,2005,53,55,260,7,0,4,6,21,1598,36,0,20,1272,264,6,606787320,241859338,2266.0,174.0,3252.0,872.0,0.0,0.0,0.0,0.0,0.0,9858.0,154.0,9704.0,28.0,6644.0,12090,9680,718,12789,4192,42099,657,17882,1298,17622,0.0,56,0,39.85899672392627
Odisha,2006,2482,2481,237,11,0,2,44,17,1970,46,102,54,1460,304,4,820529360,273778450,2334.0,108.0,3142.0,1112.0,0.0,0.0,0.0,0.0,0.0,9411.0,2.0,9409.0,0.0,7302.0,12290,10768,1020,13104,4734,46637,656,19492,1834,18963,0.0,202,0,33.366076017072686
Odisha,2007,51,45,232,9,0,1,8,14,1878,18,82,84,1318,376,0,971844958,251958444,2470.0,88.0,3466.0,916.0,0.0,0.0,0.0,0.0,0.0,8095.0,0.0,8095.0,0.0,7756.0,13207,11049,1028,12676,6006,51884,516,19208,2543,18271,0.0,184,0,25.925785993530877
Odisha,2008,64,41,264,2,0,0,29,5,2226,34,54,48,1290,776,24,1120735944,350531782,2500.0,196.0,3950.0,1298.0,0.0,0.0,0.0,0.0,0.0,9948.0,0.0,9948.0,0.0,10016.0,7089,5387,541,10821,3661,26668,274,8649,1000,8602,0.0,136,0,31.276928689279192
Odisha,2009,220,192,194,4,0,7,146,45,2046,12,48,114,1494,364,14,5551952184,443975118,2532.0,316.0,5042.0,1352.0,0.0,0.0,0.0,0.0,0.0,9604.0,0.0,9604.0,0.0,10111.0,15419,12303,933,13503,10605,62080,611,20937,1406,20503,0.0,174,0,7.996738863844653
Odisha,2010,30,30,16,0,0,0,30,0,2050,26,34,88,1574,318,10,2233321766,622067312,2638.0,208.0,5254.0,1618.0,0.0,0.0,0.0,0.0,0.0,12455.0,0.0,12455.0,0.0,10249.0,16162,16173,906,15911,9313,69323,879,28848,1713,29248,0.0,148,0,27.85390450540211
Puducherry,2001,6,4,35,3,1,2,0,0,18,6,4,4,2,2,0,20878734,8843518,50.0,6.0,568.0,274.0,0.0,0.0,0.0,0.0,0.0,127.0,0.0,127.0,1.0,323.0,207,187,93,7929,22,204,45,355,184,345,0.0,14,0,42.35658158200588
Puducherry,2002,0,0,0,0,0,0,0,0,12,2,0,6,4,0,0,27991888,9794854,62.0,4.0,516.0,104.0,0.0,0.0,0.0,0.0,0.0,620.0,236.0,384.0,1.0,323.0,258,230,77,7928,34,281,31,400,142,374,0.0,8,0,34.99175904104789
Puducherry,2003,5,5,26,0,0,0,0,0,4,2,0,0,2,0,0,40735140,11372848,60.0,10.0,590.0,130.0,0.0,0.0,0.0,0.0,0.0,204.0,134.0,70.0,1.0,354.0,228,197,47,7933,49,344,17,360,119,359,0.0,2,0,27.919010466147903
Puducherry,2004,3,3,14,0,0,0,0,0,8,0,0,8,0,0,0,29934996,15968652,50.0,4.0,644.0,366.0,0.0,1.0,0.0,0.0,0.0,520.0,0.0,520.0,1.0,357.0,215,197,44,7968,47,379,12,330,70,317,1.0,8,0,53.34442670378176
Puducherry,2005,3,3,38,0,0,0,0,0,12,2,0,4,6,0,0,39309230,29442268,38.0,6.0,470.0,286.0,0.0,0.0,0.0,0.0,0.0,341.0,0.0,341.0,1.0,335.0,234,206,64,7941,67,418,10,341,87,318,0.0,6,0,74.89912165666944
Puducherry,2006,3,3,45,9,0,1,3,0,18,4,2,10,2,0,0,56992018,44514740,60.0,6.0,640.0,244.0,2.0,0.0,0.0,0.0,0.0,542.0,0.0,542.0,0.0,340.0,288,258,65,7940,88,543,7,476,124,444,2.0,16,0,78.10697280450746
Puducherry,2007,3,3,34,0,0,0,0,0,18,2,0,4,12,0,0,59049864,25133668,70.0,6.0,996.0,372.0,0.0,0.0,0.0,0.0,0.0,320.0,0.0,320.0,0.0,340.0,347,344,59,7983,60,695,15,624,117,660,0.0,6,0,42.56346466775944
Puducherry,2008,5,5,107,0,0,0,0,0,16,0,2,6,6,2,0,60037304,30495792,70.0,10.0,886.0,312.0,0.0,0.0,0.0,0.0,0.0,186.0,0.0,186.0,0.0,340.0,121,102,16,7922,36,384,5,146,20,149,0.0,8,0,50.79473921747052
Puducherry,2009,2,2,17,0,0,0,0,0,2,0,0,2,0,0,0,58177358,35978960,78.0,6.0,1004.0,500.0,0.0,0.0,0.0,0.0,0.0,342.0,0.0,342.0,0.0,343.0,205,225,35,7983,25,882,21,259,82,301,0.0,2,0,61.843578390067144
Puducherry,2010,4,4,17,0,0,0,0,0,6,0,0,6,0,0,0,60498968,37505164,68.0,16.0,768.0,322.0,0.0,0.0,0.0,0.0,0.0,510.0,76.0,434.0,0.0,429.0,218,195,33,7982,19,928,24,344,68,339,0.0,6,0,61.99306408003522
Punjab,2001,4046,191,1216,118,3,3023,2459,45,596,16,60,274,196,48,2,931661652,450013048,1574.0,108.0,2540.0,982.0,2355.0,0.0,0.0,0.0,0.0,3830.0,8.0,3822.0,362.0,7735.0,4723,2604,480,9033,2729,5215,642,9207,1381,6431,2355.0,350,0,48.302197158588214
Punjab,2002,4518,207,1767,172,6,2540,2466,93,598,16,24,64,426,66,2,1127003730,661569402,1544.0,98.0,2690.0,1288.0,564.0,0.0,0.0,0.0,0.0,4321.0,0.0,4321.0,0.0,7735.0,4591,3145,897,9168,2735,6115,618,9229,1877,8720,564.0,104,0,58.70161600973584
Punjab,2003,4168,121,1047,137,0,3068,2357,26,760,12,28,68,524,126,2,1454894394,784644500,1538.0,148.0,2854.0,1170.0,0.0,0.0,0.0,0.0,0.0,4540.0,0.0,4540.0,0.0,7735.0,4766,3471,971,9445,2366,7002,829,8148,2231,7079,0.0,108,0,53.9313714614533
Punjab,2004,4660,94,891,105,6,2972,2191,7,780,14,24,70,524,148,0,2205357244,757501130,1604.0,154.0,2376.0,980.0,3.0,0.0,1.0,0.0,0.0,4204.0,1032.0,3172.0,0.0,7764.0,3969,2883,918,9455,2172,7288,536,7135,2028,7878,4.0,108,0,34.348227801227836
Punjab,2005,3798,98,1695,203,4,3047,2641,11,796,18,38,46,478,216,0,1606666730,1124534890,1488.0,136.0,2380.0,1046.0,2.0,0.0,0.0,0.0,0.0,3265.0,0.0,3265.0,0.0,7764.0,3981,2716,435,9251,2313,8137,551,6410,977,5890,2.0,102,0,69.9917953737674
Punjab,2006,4796,86,2077,94,4,2369,2893,6,884,28,38,52,638,128,0,1120439252,553959750,1702.0,222.0,3090.0,1182.0,1.0,0.0,0.0,0.0,0.0,3736.0,0.0,3736.0,0.0,7849.0,4537,3132,546,9338,2577,9250,503,7488,1349,6014,1.0,118,0,49.44130161552034
Punjab,2007,5750,144,1381,133,7,2195,1173,35,1038,52,76,142,604,158,6,1661773080,896641084,1652.0,170.0,4124.0,1446.0,0.0,0.0,0.0,0.0,0.0,3538.0,0.0,3538.0,0.0,7849.0,5484,3294,537,9316,3291,10574,635,8270,1381,6484,0.0,270,0,53.95689067246173
Punjab,2008,3714,477,1401,96,4,2215,1345,8,1038,54,72,90,718,94,10,1691259318,1014113126,1630.0,166.0,4320.0,1504.0,1.0,0.0,0.0,0.0,0.0,4519.0,0.0,4519.0,0.0,8000.0,2735,1805,366,8765,1618,5778,435,4058,751,3781,1.0,216,0,59.962012637969686
Punjab,2009,4212,69,1315,55,10,2788,1094,1,1030,68,96,262,516,86,2,1745414964,1102405360,1722.0,112.0,5684.0,2202.0,4.0,0.0,0.0,0.0,0.0,5022.0,6.0,5016.0,0.0,8000.0,5353,3648,1119,10053,3315,12027,814,7946,2030,6670,4.0,426,0,63.16007268974004
Punjab,2010,3858,36,1912,77,16,2240,1324,3,1094,46,78,166,692,110,2,2113457630,1292464198,1890.0,172.0,5426.0,2540.0,7.0,0.0,0.0,0.0,0.0,5463.0,0.0,5463.0,0.0,9216.0,5802,3807,979,10024,3097,11795,1034,9001,2100,8468,7.0,290,0,61.15401509137423
Rajasthan,2001,1858,110,4243,90,1,944,909,4,2098,32,88,458,1212,294,14,1165452438,716436372,2550.0,266.0,8078.0,1806.0,0.0,0.0,0.0,0.0,0.0,33042.0,0.0,33042.0,0.0,8880.0,24574,15104,4336,15053,968,55735,9161,27385,8169,27393,0.0,578,0,61.472810784921975
Rajasthan,2002,1931,124,5013,65,1,1675,249,3,2102,10,16,50,1576,440,10,1140333000,677220516,2648.0,216.0,8866.0,1982.0,0.0,0.0,0.0,0.0,0.0,34648.0,125.0,34523.0,0.0,8890.0,24383,14441,5215,15848,1379,54804,8690,26258,9617,26312,0.0,76,0,59.387960885109884
Rajasthan,2003,1841,100,4074,96,0,1563,272,2,2100,14,22,62,1502,486,14,1234881286,639332656,2568.0,272.0,10534.0,2122.0,0.0,0.0,0.0,0.0,0.0,25598.0,75.0,25523.0,0.0,8916.0,23929,14162,4093,14551,1657,56211,8629,25033,6998,24989,0.0,98,0,51.77280304173303
Rajasthan,2004,1830,127,4356,110,0,1361,469,0,2076,20,82,172,1290,498,14,1256140848,678010288,2584.0,322.0,12790.0,3166.0,0.0,0.0,0.0,0.0,0.0,22519.0,66.0,22453.0,0.0,8920.0,26593,16237,4893,14609,1432,58878,9678,28882,9108,28880,0.0,274,0,53.9756579908625
Rajasthan,2005,1067,116,4503,87,1,800,267,0,1986,42,88,362,1030,432,32,1472203438,821579882,2492.0,248.0,12858.0,2710.0,0.0,0.0,0.0,0.0,0.0,20470.0,68.0,20402.0,0.0,10663.0,23671,14570,4705,13971,1026,60100,8442,25156,7898,25192,0.0,492,0,55.80613798294907
Rajasthan,2006,3402,135,4826,74,1,3141,260,0,2170,68,160,394,1110,428,10,1610227874,909431322,2476.0,290.0,13954.0,2720.0,0.0,0.0,0.0,0.0,0.0,20963.0,10.0,20953.0,0.0,10831.0,26336,16068,5362,14778,925,61046,9143,28596,9704,28633,0.0,622,0,56.478423748861275
Rajasthan,2007,1237,84,4567,84,2,981,248,6,2480,82,158,572,1278,374,16,1966038788,1134626708,2718.0,256.0,15866.0,3186.0,0.0,0.0,0.0,0.0,0.0,15043.0,0.0,15043.0,0.0,10776.0,29170,17164,4842,14020,1059,64933,10544,28647,8214,28606,0.0,812,0,57.71130838950671
Rajasthan,2008,1263,66,4252,87,5,867,384,9,2710,58,232,550,1412,438,20,2098510256,1181113994,2640.0,262.0,18992.0,3236.0,0.0,0.0,0.0,0.0,0.0,15223.0,4.0,15219.0,0.0,10898.0,15303,8746,2510,10785,679,34348,5303,13731,4004,13714,0.0,840,0,56.283451111234406
Rajasthan,2009,1162,161,4271,73,0,923,239,0,3040,56,110,576,1712,578,8,2951144816,1628408396,2834.0,318.0,23566.0,3884.0,0.0,0.0,0.0,0.0,0.0,0.0,0.0,0.0,0.0,10757.0,35447,20022,4759,13482,1520,77328,13285,30576,7844,30589,0.0,742,0,55.17887116794068
Rajasthan,2010,1894,193,3700,69,2,1729,164,0,3146,74,144,554,1610,692,72,2791528040,1708777252,2842.0,270.0,26218.0,4358.0,0.0,0.0,0.0,0.0,0.0,10931.0,0.0,10931.0,0.0,10944.0,37265,20303,4104,13372,1921,85731,14754,30308,7382,30277,0.0,772,0,61.212971086616776
Sikkim,2001,109,109,0,1,1,5,0,0,16,2,0,8,4,2,0,6702526,2317690,38.0,4.0,12.0,8.0,0.0,0.0,0.0,0.0,0.0,61.0,15.0,46.0,2.0,422.0,48,24,4,7898,12,52,0,48,14,24,0.0,10,0,34.57935112821644
Sikkim,2002,0,0,16,3,0,0,0,0,12,0,4,4,4,0,0,1672060,796970,26.0,0.0,10.0,10.0,0.0,0.0,0.0,0.0,0.0,148.0,16.0,132.0,9.0,409.0,56,28,24,7906,18,24,0,48,8,20,0.0,8,0,47.66395942729328
Sikkim,2003,3,3,10,0,1,0,0,0,20,8,8,2,2,0,0,17159010,2541508,32.0,4.0,6.0,6.0,0.0,0.0,0.0,0.0,0.0,72.0,0.0,72.0,9.0,409.0,73,51,18,7900,30,18,2,65,6,48,0.0,18,0,14.811507190682912
Sikkim,2004,0,0,0,0,0,0,0,0,8,0,2,2,0,4,0,28979084,4173670,36.0,6.0,12.0,10.0,26.0,0.0,0.0,0.0,0.0,62.0,0.0,62.0,9.0,556.0,97,50,8,7898,65,40,0,135,4,80,26.0,4,0,14.402353090249505
Sikkim,2005,17,0,17,0,0,0,17,0,40,8,10,14,4,4,0,10671756,2535120,18.0,2.0,10.0,8.0,0.0,0.0,0.0,0.0,0.0,28.0,0.0,28.0,9.0,466.0,124,52,12,7910,117,41,0,84,10,50,0.0,32,0,23.755415697285432
Sikkim,2006,36,0,36,3,0,0,36,0,40,16,8,10,6,0,0,18628828,5604400,42.0,8.0,16.0,16.0,0.0,0.0,0.0,0.0,0.0,32.0,0.0,32.0,9.0,511.0,94,67,6,7898,142,78,0,76,6,66,0.0,34,0,30.084554970393203
Sikkim,2007,8,3,54,5,0,0,8,0,48,20,6,10,10,2,0,21347018,6621360,18.0,2.0,22.0,20.0,41.0,0.0,0.0,0.0,0.0,34.0,0.0,34.0,0.0,560.0,109,66,4,7908,182,112,0,115,4,84,41.0,36,0,31.01772809672995
Sikkim,2008,0,0,31,0,0,0,0,0,42,18,6,2,16,0,0,328722204,8550622,18.0,0.0,18.0,18.0,0.0,1.0,0.0,0.0,0.0,50.0,10.0,40.0,9.0,566.0,50,49,9,7896,85,87,0,55,9,56,1.0,26,0,2.601169588166913
Sikkim,2009,23,23,23,1,0,0,23,0,36,8,10,10,4,4,0,22891610,3984820,40.0,2.0,20.0,10.0,0.0,0.0,0.0,0.0,0.0,95.0,0.0,95.0,9.0,592.0,83,125,38,7922,74,201,0,150,50,129,0.0,28,0,17.407338321769416
Sikkim,2010,26,0,20,0,0,0,26,0,36,12,14,4,2,4,0,18890292,2888380,34.0,6.0,16.0,12.0,0.0,0.0,0.0,0.0,0.0,68.0,6.0,62.0,0.0,639.0,84,115,12,7902,34,286,0,131,10,113,0.0,30,0,15.290287730861968
Tamil Nadu,2001,143,90,1185,22,0,6,83,5,846,12,30,348,384,68,4,1470027556,666879116,3324.0,340.0,8520.0,5516.0,8.0,0.0,0.0,0.0,0.0,19327.0,586.0,18741.0,0.0,10370.0,15259,14011,9260,11407,2127,16474,5999,22824,11112,21330,8.0,390,0,45.36507586392482
Tamil Nadu,2002,445,313,1123,16,3,10,360,9,1068,30,16,12,930,78,2,1391057830,783504460,3574.0,526.0,9354.0,6410.0,2.0,1.0,0.0,0.0,0.0,21211.0,874.0,20337.0,0.0,10389.0,16399,14319,8984,12296,2056,17194,4687,21371,12649,21549,3.0,58,0,56.32436287713502
Tamil Nadu,2003,1878,88,1772,18,1,17,1786,4,1114,24,28,42,720,298,2,1079666164,736999392,3308.0,560.0,9162.0,6424.0,2.0,0.0,0.0,0.0,0.0,21813.0,1396.0,20417.0,0.0,10905.0,15235,12306,5422,12844,2806,19246,3572,19779,7586,18437,2.0,94,0,68.2617846677281
Tamil Nadu,2004,221,113,2030,26,2,7,165,4,1238,68,100,170,834,60,6,1109655708,712147592,3088.0,490.0,8010.0,5734.0,0.0,0.0,0.0,0.0,0.0,19568.0,355.0,19213.0,0.0,10957.0,15778,13786,6841,12945,2639,21018,3866,21274,8650,21115,0.0,338,0,64.17734679917494
Tamil Nadu,2005,136,126,2771,60,5,4,85,25,1142,58,56,116,792,120,0,869890196,627751112,3022.0,496.0,7166.0,5248.0,5.0,0.0,0.0,0.0,0.0,20628.0,297.0,20331.0,0.0,11332.0,15021,12581,6342,14571,2429,20406,4203,20330,8558,20476,5.0,230,0,72.16440820767683
Tamil Nadu,2006,120,115,1983,55,3,5,44,22,914,46,68,136,550,110,4,977188736,714971424,2836.0,472.0,6018.0,5210.0,35.0,0.0,0.0,0.0,0.0,15295.0,68.0,15227.0,0.0,11399.0,11764,9428,4090,13622,2679,19805,2450,16481,6967,15475,35.0,250,0,73.16615487471194
Tamil Nadu,2007,369,141,1467,39,2,10,267,16,1064,40,82,178,692,70,2,1361031262,991054022,3422.0,628.0,5776.0,5008.0,28.0,1.0,0.0,0.0,1.0,14249.0,60.0,14189.0,0.0,11685.0,14617,10555,3305,13700,4147,21252,2081,20240,5308,18186,30.0,300,0,72.81640397764795
Tamil Nadu,2008,139,124,1510,19,0,10,67,28,1146,54,58,262,680,92,0,1358952364,990471464,3648.0,654.0,7494.0,5822.0,28.0,5.0,4.0,1.0,1.0,14033.0,76.0,13957.0,0.0,11796.0,6970,4870,1253,10617,2076,11097,1557,9449,2014,8480,39.0,374,0,72.88492887893456
Tamil Nadu,2009,141,111,1694,36,1,12,63,25,1192,56,68,240,780,44,4,1788692272,1186770098,3714.0,678.0,10396.0,7652.0,27.0,4.0,2.0,2.0,0.0,12568.0,103.0,12465.0,0.0,12080.0,11716,8828,2705,13238,4336,23724,1733,17149,5070,17145,35.0,364,0,66.34847796781894
Tamil Nadu,2010,366,107,1620,32,0,15,282,62,1374,42,100,278,822,132,0,2635838380,1320623608,3816.0,654.0,10410.0,7082.0,14.0,1.0,0.0,0.0,0.0,14230.0,147.0,14083.0,0.0,13083.0,13243,8821,3140,13202,5648,24050,1716,17937,4844,16313,15.0,420,0,50.10260181430396
Tripura,2001,15,13,186,1,0,2,15,0,204,0,0,100,94,10,0,27519200,1448340,480.0,44.0,20.0,6.0,0.0,0.0,0.0,0.0,0.0,1015.0,0.0,1015.0,0.0,2045.0,876,530,66,8138,592,1162,0,1180,128,796,0.0,100,0,5.263016366754847
Tripura,2002,11,11,82,16,0,3,11,0,216,0,0,0,196,20,0,61603476,2886956,402.0,44.0,146.0,128.0,0.0,0.0,0.0,0.0,0.0,1300.0,0.0,1300.0,0.0,2188.0,1072,922,92,8270,646,1606,0,1116,110,828,0.0,0,0,4.686352438943542
Tripura,2003,1,1,38,0,0,0,1,0,228,0,0,0,204,24,0,29065638,5931822,508.0,60.0,106.0,14.0,0.0,0.0,0.0,0.0,0.0,947.0,0.0,947.0,0.0,2188.0,1074,900,160,8280,600,1956,0,1756,140,1136,0.0,0,0,20.408366745639643
Tripura,2004,0,3,31,0,0,0,0,0,320,14,14,28,218,46,0,32656086,13305470,452.0,44.0,72.0,36.0,0.0,0.0,0.0,0.0,0.0,1071.0,0.0,1071.0,0.0,2572.0,1340,1136,170,8434,608,2378,30,1966,272,1780,0.0,56,0,40.744227584408
Tripura,2005,62,10,294,7,0,1,57,1,324,6,26,8,258,26,0,48118196,9849190,316.0,28.0,114.0,20.0,0.0,0.0,0.0,0.0,0.0,1676.0,0.0,1676.0,0.0,2146.0,1680,1484,222,8720,548,2810,8,2616,384,2180,0.0,40,0,20.468743258787175
Tripura,2006,58,17,86,12,1,1,46,2,382,0,8,68,270,34,2,55741760,12769346,330.0,36.0,56.0,14.0,0.0,0.0,0.0,0.0,0.0,957.0,0.0,957.0,0.0,2291.0,1928,1668,212,8592,536,3564,4,2544,318,1784,0.0,76,0,22.908042372540802
Tripura,2007,62,23,96,15,2,4,51,0,314,6,28,32,226,22,0,102752538,10030650,300.0,50.0,110.0,30.0,0.0,0.0,0.0,0.0,0.0,2039.0,0.0,2039.0,0.0,2331.0,2134,2156,266,9270,360,4074,0,2214,444,2350,0.0,66,0,9.761948653764641
Tripura,2008,52,23,89,14,0,1,40,1,408,32,46,130,192,8,0,98022764,6291270,332.0,34.0,130.0,50.0,0.0,0.0,0.0,0.0,0.0,669.0,0.0,669.0,0.0,2465.0,1415,1292,97,8344,200,2741,6,1774,90,1517,0.0,208,0,6.41817241554217
Tripura,2009,17,5,93,16,4,2,14,0,380,20,44,102,158,56,0,111263410,14377830,296.0,22.0,142.0,58.0,0.0,0.0,0.0,0.0,0.0,796.0,24.0,772.0,0.0,2465.0,3032,2810,174,9002,427,6916,0,5452,242,3818,0.0,166,0,12.922334485344283
Tripura,2010,34,28,90,13,0,5,9,0,476,38,54,122,186,76,0,66065492,11332204,318.0,48.0,100.0,52.0,0.0,0.0,0.0,0.0,0.0,874.0,12.0,862.0,0.0,2487.0,3354,2718,190,9255,830,7931,30,4252,288,3220,0.0,214,0,17.15298510151109
Uttar Pradesh,2001,5858,1233,1208,28,0,4547,1273,30,3916,68,244,812,2164,628,0,2971715186,1692441774,16360.0,1648.0,11580.0,2354.0,0.0,0.0,0.0,0.0,0.0,51153.0,152.0,51001.0,1720.0,16205.0,40223,30834,13220,17556,5243,85337,3110,83316,28828,75529,0.0,1124,0,56.95168170803298
Uttar Pradesh,2002,6576,1978,1942,37,0,4576,1978,20,2830,76,222,542,1550,440,0,1564394500,973150610,15076.0,1132.0,11378.0,2956.0,0.0,0.0,0.0,0.0,0.0,59082.0,58.0,59024.0,1770.0,16205.0,31079,27207,13781,19329,1790,84980,2909,69935,33321,70242,0.0,840,0,62.20621524813594
Uttar Pradesh,2003,5239,1227,1198,41,0,3959,1268,11,1822,66,150,414,954,234,4,1610441674,1013574962,10568.0,974.0,9440.0,2812.0,0.0,0.0,0.0,0.0,0.0,48625.0,78.0,48547.0,1770.0,16205.0,25392,21805,12511,17225,2227,83280,1457,45543,26094,45546,0.0,630,0,62.93770077884857
Uttar Pradesh,2004,4935,667,604,47,8,3591,1314,27,2794,106,198,484,1676,326,4,2077581762,1156607976,13330.0,1100.0,16904.0,3506.0,0.0,0.0,0.0,0.0,0.0,48423.0,39.0,48384.0,1770.0,16189.0,30579,23992,12841,16676,3243,83340,2038,64635,27232,58600,0.0,788,0,55.67087645622103
Uttar Pradesh,2005,5284,1378,1787,50,1,3906,1363,13,2434,88,206,494,1312,324,10,1930750666,1094230654,12730.0,1108.0,15238.0,3408.0,0.0,0.0,0.0,0.0,0.0,46418.0,0.0,46418.0,1778.0,16246.0,29263,24174,12765,16530,3330,84195,1783,63742,28394,60360,0.0,788,0,56.673845736226205
Uttar Pradesh,2006,3503,825,1089,71,0,2678,812,13,2628,36,112,546,1560,368,6,2174669582,2001167684,11524.0,1020.0,16698.0,4258.0,0.0,0.0,0.0,0.0,0.0,47221.0,0.0,47221.0,1778.0,16246.0,32161,26038,13308,17243,3548,85823,1961,67267,30450,63083,0.0,694,0,92.02168920574896
Uttar Pradesh,2007,4620,1693,1785,46,0,2927,1673,20,3296,26,218,698,1820,534,0,2519566454,1466558512,10364.0,892.0,18970.0,4356.0,0.0,0.0,0.0,0.0,0.0,39808.0,0.0,39808.0,1806.0,17132.0,41281,30756,13611,18365,3775,90452,3599,94666,33939,78170,0.0,942,0,58.206780363809365
Uttar Pradesh,2008,6015,3008,3151,95,0,3007,2998,10,3742,88,342,1370,1570,372,0,3640207938,2323573464,9398.0,792.0,20742.0,4382.0,0.0,0.0,0.0,0.0,0.0,43729.0,0.0,43729.0,1811.0,17125.0,23347,17511,8700,14202,1985,45923,2087,56697,21769,45283,0.0,1800,0,63.8307894377214
Uttar Pradesh,2009,10953,7912,8001,170,4,3041,7896,15,3518,86,832,332,1822,446,0,2481807738,1002563160,9358.0,870.0,28756.0,4378.0,4.0,0.0,0.0,0.0,0.0,43558.0,0.0,43558.0,3090.0,22097.0,46355,34488,16926,20578,4458,95988,4353,125651,46359,94517,4.0,1250,0,40.396487795945454
Uttar Pradesh,2010,12119,8701,8650,171,0,3418,8693,8,3126,86,324,492,1724,500,0,2885340828,1155183544,8912.0,688.0,33410.0,4868.0,8.0,0.0,0.0,0.0,0.0,50546.0,0.0,50546.0,3090.0,23446.0,40360,28691,20391,21649,5099,89805,3428,116120,54497,82016,8.0,902,0,40.036294249533285
Uttarakhand,2001,944,25,328,18,0,763,838,1,148,12,14,32,76,14,0,168961688,31710808,762.0,62.0,748.0,190.0,2.0,0.0,0.0,0.0,0.0,2151.0,111.0,2040.0,0.0,900.0,1505,1141,646,8342,154,2566,120,2865,1222,2641,2.0,58,0,18.768046398778875
Uttarakhand,2002,698,32,496,9,1,184,604,3,178,4,8,4,132,30,0,103907150,32588816,670.0,44.0,704.0,196.0,0.0,0.0,0.0,0.0,0.0,2020.0,96.0,1924.0,0.0,900.0,1739,1292,514,8189,197,2995,119,3496,961,2488,0.0,16,0,31.363400882422432
Uttarakhand,2003,872,24,506,27,0,342,872,0,214,2,8,12,166,26,0,103075026,32964104,586.0,36.0,738.0,244.0,0.0,0.0,0.0,0.0,0.0,1818.0,64.0,1754.0,0.0,900.0,1771,1306,625,8198,280,3292,138,3649,1153,3179,0.0,22,0,31.980689483406
Uttarakhand,2004,932,20,595,12,0,337,922,5,230,4,12,18,144,52,0,116463462,32151336,534.0,50.0,942.0,224.0,0.0,0.0,0.0,0.0,0.0,1813.0,0.0,1813.0,0.0,900.0,1970,1562,531,8134,292,3993,134,5298,1376,4210,0.0,34,0,27.60637151590084
Uttarakhand,2005,908,9,703,16,0,196,898,1,266,6,6,24,190,40,0,139629872,40461786,580.0,58.0,1042.0,260.0,0.0,0.0,0.0,0.0,0.0,1784.0,0.0,1784.0,0.0,900.0,1572,1203,361,8280,324,4311,116,3282,748,2916,0.0,36,0,28.977886622999982
Uttarakhand,2006,967,8,203,10,0,756,959,0,294,2,14,30,212,36,0,139913288,41140800,570.0,24.0,998.0,262.0,0.0,0.0,0.0,0.0,0.0,1873.0,0.0,1873.0,0.0,1234.0,2074,1669,414,8303,324,4699,122,4329,1043,3767,0.0,46,0,29.40449802023093
Uttarakhand,2007,749,9,293,5,0,447,740,0,234,2,18,14,148,52,0,207511778,66564092,536.0,50.0,1090.0,276.0,0.0,0.0,0.0,0.0,0.0,2426.0,0.0,2426.0,0.0,1236.0,2188,1612,657,8390,387,4728,189,5360,1600,4071,0.0,34,0,32.07725973028866
Uttarakhand,2008,377,12,397,14,3,342,377,0,174,0,8,10,128,28,0,219393458,65965240,522.0,56.0,1290.0,312.0,0.0,0.0,0.0,0.0,0.0,1831.0,0.0,1831.0,0.0,1308.0,1159,915,352,8139,187,2610,80,1668,1223,1667,0.0,18,0,30.067095254955138
Uttarakhand,2009,558,14,203,29,0,341,558,0,222,2,6,6,178,30,0,189995764,63808368,390.0,28.0,1404.0,458.0,0.0,0.0,0.0,0.0,0.0,1980.0,0.0,1980.0,0.0,1334.0,2380,1994,794,8328,268,5899,122,4098,1948,3886,0.0,14,0,33.58410032762625
Uttarakhand,2010,682,15,358,9,0,596,682,0,242,4,6,10,184,38,0,246797680,94271370,352.0,38.0,1706.0,488.0,0.0,0.0,0.0,0.0,0.0,2185.0,0.0,2185.0,0.0,1334.0,2155,1724,991,8505,223,5982,101,3473,2131,3339,0.0,20,0,38.1978347608454
West Bengal,2001,43,13,456,7,0,0,42,0,1418,8,6,10,1188,206,0,855775766,223189490,3346.0,188.0,5158.0,1582.0,2.0,2.0,0.0,0.0,0.0,9424.0,18.0,9406.0,332.0,17727.0,13166,11896,564,12208,14001,75200,594,22063,1088,19035,4.0,24,0,26.080370450686495
West Bengal,2002,47,10,163,8,0,0,44,2,1518,10,6,16,1104,382,0,911027396,282161120,2906.0,122.0,6876.0,1362.0,0.0,1.0,0.0,0.0,1.0,12522.0,0.0,12522.0,261.0,17606.0,13750,13985,1600,16268,12002,79162,109,28224,2328,21908,2.0,32,0,30.971749174489148
West Bengal,2003,271,98,185,31,2,1,270,0,2004,10,14,8,1652,316,4,1113110948,264101060,2928.0,124.0,5162.0,1254.0,4.0,0.0,0.0,0.0,0.0,13603.0,66.0,13537.0,248.0,17582.0,16970,15593,796,14948,12087,86868,324,31629,1550,27725,4.0,32,0,23.726391378552858
West Bengal,2004,119,62,154,12,0,1,112,0,2950,4,6,28,1930,980,2,1172071214,268810048,2866.0,130.0,5336.0,1068.0,12.0,1.0,0.0,0.0,0.0,9643.0,120.0,9523.0,247.0,18658.0,22048,19336,749,12723,12822,100628,175,32898,1392,28404,13.0,38,0,22.934617349965905
West Bengal,2005,44,24,41,1,0,0,32,0,3372,6,0,6,2902,456,2,993042078,218770328,2908.0,148.0,4870.0,940.0,10.0,0.0,0.0,0.0,0.0,10239.0,46.0,10193.0,247.0,22516.0,23842,22247,1570,15215,12997,113972,144,38202,2388,34365,10.0,12,0,22.030318034519382
West Bengal,2006,28,27,28,1,0,0,19,0,3462,4,10,26,2954,468,0,1173503496,242644928,2884.0,138.0,5428.0,856.0,9.0,1.0,0.0,0.0,0.0,18239.0,70.0,18169.0,250.0,22709.0,25689,22859,1920,18950,13273,123644,259,44597,4059,36290,10.0,40,0,20.676966777438558
West Bengal,2007,22,17,56,5,1,6,10,0,4212,28,84,72,2956,1062,10,1696362046,277648988,3306.0,156.0,4848.0,892.0,9.0,1.0,0.0,1.0,0.0,13732.0,16.0,13716.0,18.0,27946.0,33163,28771,911,16789,15928,142401,108,43932,1302,44564,11.0,184,0,16.367319031611956
West Bengal,2008,46,37,76,5,1,6,31,0,4526,44,106,108,3258,1008,2,1853881904,302676336,3622.0,330.0,5134.0,928.0,25.0,2.0,1.0,1.0,1.0,15439.0,0.0,15439.0,213.0,27093.0,20965,15048,526,12421,12786,81033,90,23996,627,21901,30.0,258,0,16.326624438532736
West Bengal,2009,270,6,459,4,0,0,260,0,4672,12,36,170,3670,784,0,2190204832,446062194,4322.0,226.0,7236.0,1202.0,14.0,1.0,0.0,0.0,0.0,11662.0,88.0,11574.0,217.0,28085.0,46686,37223,907,16585,32868,189658,182,41030,1259,39269,15.0,218,0,20.36623184657461
West Bengal,2010,33,5,214,0,0,0,32,0,4622,0,44,102,3558,918,0,10030337374,2336484322,4830.0,240.0,8610.0,1282.0,17.0,9.0,1.0,1.0,0.0,10984.0,89.0,10895.0,208.0,28637.0,52332,46947,852,16008,35596,227394,251,52726,1207,55672,28.0,146,0,23.29417481067472
